,3,5,6,23,34,93,125,137,196,243,273,275,281,296,419,439,451,464,482,488,496,499,503,535,538,564,565,566,570,573,574,575,579,586,589,590,591,593,597,598,608,610,613,614,615,618,619,620,622,623,635,636,637,642,643,726,727,728,734,756,760,768,775,787,789,792,794,797,815,817,825,827,847,849,851,853,855,866,869,870,879,916
0,0.02586206896551724,0.0,0.034482758620689655,0.0,0.0,0.008620689655172414,0.0,0.0,0.0,0.10344827586206896,0.0,0.0,0.008620689655172414,0.0,0.008620689655172414,0.0,0.0,0.0,0.0,0.0,0.0,0.0,0.0,0.02586206896551724,0.0,0.0,0.0,0.0,0.0,0.0,0.0,0.017241379310344827,0.008620689655172414,0.0,0.0,0.0,0.0,0.008620689655172414,0.008620689655172414,0.0,0.0,0.0,0.0,0.0,0.0,0.0,0.0,0.07758620689655173,0.0,0.0,0.008620689655172414,0.10344827586206896,0.0,0.0,0.0,0.008620689655172414,0.0,0.0,0.0,0.0,0.008620689655172414,0.0,0.0,0.0,0.0,0.0,0.0,0.04310344827586207,0.0,0.008620689655172414,0.008620689655172414,0.0,0.12931034482758622,0.0,0.0,0.0,0.0,0.0,0.12931034482758622,0.0,0.0,0.008620689655172414
1,0.0,0.0,0.0,0.016,0.024,0.0,0.0,0.0,0.0,0.0,0.0,0.0,0.0,0.0,0.0,0.0,0.0,0.0,0.0,0.0,0.0,0.032,0.0,0.056,0.0,0.008,0.0,0.008,0.0,0.0,0.0,0.0,0.0,0.0,0.304,0.0,0.0,0.0,0.032,0.0,0.0,0.016,0.0,0.0,0.0,0.0,0.0,0.0,0.0,0.0,0.0,0.0,0.0,0.0,0.0,0.048,0.0,0.0,0.0,0.04,0.0,0.0,0.0,0.0,0.072,0.0,0.0,0.072,0.0,0.0,0.0,0.0,0.008,0.0,0.0,0.008,0.0,0.016,0.016,0.0,0.008,0.008
2,0.018970189701897018,0.0,0.0,0.0,0.0,0.0,0.07588075880758807,0.0,0.0,0.0,0.0,0.0,0.0,0.0027100271002710027,0.0,0.0,0.0,0.0,0.0,0.0,0.14363143631436315,0.0,0.0,0.0,0.2140921409214092,0.07317073170731707,0.0,0.0,0.0,0.0,0.0,0.0,0.0,0.0,0.37398373983739835,0.0,0.0,0.0,0.0,0.0,0.0,0.0,0.0,0.0,0.0,0.0,0.0027100271002710027,0.005420054200542005,0.0,0.0,0.0,0.018970189701897018,0.0,0.0,0.005420054200542005,0.0,0.0,0.0,0.0,0.0,0.0,0.0,0.0,0.0,0.02168021680216802,0.0,0.0,0.0,0.0,0.0,0.0,0.0,0.0027100271002710027,0.0,0.0,0.0,0.0,0.0,0.0,0.0,0.0,0.0
3,0.0,0.0,0.0,0.0,0.0,0.0,0.0,0.0,0.0,0.0,0.0,0.0,0.0064516129032258064,0.0,0.0,0.0,0.01935483870967742,0.0,0.0064516129032258064,0.0,0.0,0.0,0.01935483870967742,0.0,0.012903225806451613,0.0,0.0,0.0,0.0,0.0,0.0,0.0,0.0,0.0,0.0064516129032258064,0.0,0.0,0.0,0.0,0.0,0.0,0.0,0.0,0.0,0.0,0.0,0.0,0.04516129032258064,0.012903225806451613,0.0,0.0,0.05161290322580645,0.0,0.0,0.0,0.012903225806451613,0.0,0.0,0.0,0.0064516129032258064,0.0,0.0,0.0,0.0,0.03225806451612903,0.0,0.0,0.16774193548387098,0.0064516129032258064,0.0,0.0,0.0064516129032258064,0.2967741935483871,0.01935483870967742,0.0064516129032258064,0.0064516129032258064,0.0,0.0,0.10967741935483871,0.0,0.0,0.0
4,0.010582010582010581,0.0,0.0,0.0,0.005291005291005291,0.0,0.0,0.010582010582010581,0.0,0.0,0.031746031746031744,0.0,0.0,0.0,0.0,0.0,0.0,0.0,0.0,0.0,0.0,0.0,0.047619047619047616,0.005291005291005291,0.0,0.0,0.0,0.047619047619047616,0.0,0.0,0.0,0.0,0.0,0.0,0.005291005291005291,0.0,0.0,0.0,0.0,0.0,0.0,0.0,0.0,0.0,0.0,0.0,0.31746031746031744,0.0,0.0,0.0,0.0,0.0,0.0,0.0,0.015873015873015872,0.0,0.005291005291005291,0.0,0.05291005291005291,0.0,0.0,0.0,0.005291005291005291,0.0,0.015873015873015872,0.005291005291005291,0.0,0.0,0.0,0.015873015873015872,0.0,0.0,0.07407407407407407,0.0,0.0,0.010582010582010581,0.005291005291005291,0.037037037037037035,0.0,0.0,0.010582010582010581,0.0
5,0.0,0.011976047904191617,0.0,0.0,0.0,0.0,0.0,0.0,0.011976047904191617,0.0,0.0,0.005988023952095809,0.0,0.0,0.0,0.005988023952095809,0.0,0.0,0.0,0.0,0.0718562874251497,0.0,0.0,0.011976047904191617,0.0,0.0,0.005988023952095809,0.023952095808383235,0.0,0.0,0.011976047904191617,0.0,0.0,0.011976047904191617,0.46107784431137727,0.0,0.0,0.0,0.0,0.0,0.0,0.0,0.0,0.0,0.0,0.0,0.017964071856287425,0.0,0.0,0.0,0.0,0.0,0.0,0.011976047904191617,0.0,0.0,0.0,0.0,0.0,0.005988023952095809,0.005988023952095809,0.0,0.0,0.0,0.059880239520958084,0.0,0.017964071856287425,0.0,0.017964071856287425,0.005988023952095809,0.029940119760479042,0.011976047904191617,0.017964071856287425,0.0,0.0,0.0658682634730539,0.0,0.0,0.011976047904191617,0.005988023952095809,0.0,0.0
6,0.0,0.0,0.0,0.0,0.3935483870967742,0.0,0.0,0.0,0.0,0.0,0.0,0.0,0.0,0.0064516129032258064,0.0,0.0,0.0,0.0,0.0,0.0,0.0064516129032258064,0.0064516129032258064,0.012903225806451613,0.0,0.0,0.012903225806451613,0.0,0.0,0.0,0.0,0.0,0.0,0.0,0.0,0.0,0.0,0.0,0.0,0.0,0.0064516129032258064,0.0,0.0,0.0,0.0,0.0,0.0,0.03225806451612903,0.0,0.0,0.0,0.0,0.0,0.0,0.0,0.0,0.0,0.0,0.0,0.0,0.0,0.0,0.0,0.0,0.0,0.012903225806451613,0.0,0.0,0.0,0.0,0.0,0.0,0.0,0.18064516129032257,0.0,0.0,0.0,0.0,0.0,0.012903225806451613,0.0,0.0,0.0
7,0.013227513227513227,0.005291005291005291,0.0,0.0,0.0,0.0,0.0,0.0,0.0,0.0,0.0,0.0,0.0,0.0,0.05555555555555555,0.0,0.0,0.0,0.0,0.013227513227513227,0.0,0.0,0.0026455026455026454,0.0026455026455026454,0.03968253968253968,0.05291005291005291,0.0,0.0,0.0,0.013227513227513227,0.0,0.0,0.0,0.0,0.0,0.0026455026455026454,0.005291005291005291,0.0,0.0026455026455026454,0.0,0.007936507936507936,0.0,0.0,0.0,0.0,0.0,0.0,0.06613756613756613,0.0,0.0,0.0,0.03968253968253968,0.0,0.0,0.0,0.0026455026455026454,0.0,0.0,0.0,0.005291005291005291,0.0,0.0,0.0026455026455026454,0.013227513227513227,0.03439153439153439,0.0,0.0,0.0,0.0026455026455026454,0.0,0.013227513227513227,0.026455026455026454,0.43915343915343913,0.0,0.0,0.0,0.0,0.007936507936507936,0.007936507936507936,0.0,0.0026455026455026454,0.0
8,0.0,0.0045871559633027525,0.0,0.0,0.0,0.0045871559633027525,0.0,0.0,0.0045871559633027525,0.0,0.013761467889908258,0.0,0.045871559633027525,0.01834862385321101,0.0,0.0,0.0,0.009174311926605505,0.0,0.0,0.16972477064220184,0.013761467889908258,0.0,0.04128440366972477,0.0,0.0,0.013761467889908258,0.05504587155963303,0.0,0.0,0.0,0.01834862385321101,0.0045871559633027525,0.0,0.022935779816513763,0.0,0.0,0.0045871559633027525,0.0,0.0,0.0045871559633027525,0.0,0.0,0.0,0.0,0.0,0.0,0.01834862385321101,0.013761467889908258,0.0,0.0,0.013761467889908258,0.0,0.0,0.0,0.0,0.0,0.0,0.0,0.0,0.0,0.0,0.0,0.0,0.022935779816513763,0.0045871559633027525,0.0,0.0,0.009174311926605505,0.0,0.0,0.0,0.16972477064220184,0.013761467889908258,0.0,0.013761467889908258,0.0,0.013761467889908258,0.06422018348623854,0.0,0.0,0.0
9,0.0,0.00586940572267058,0.009537784299339692,0.0007336757153338225,0.013206162876008804,0.0007336757153338225,0.0,0.0,0.001467351430667645,0.0,0.0,0.0,0.02641232575201761,0.00586940572267058,0.00586940572267058,0.0,0.0,0.0,0.0,0.004402054292002935,0.03154805575935436,0.0007336757153338225,0.001467351430667645,0.13352898019075568,0.001467351430667645,0.00880410858400587,0.0,0.0,0.00586940572267058,0.0007336757153338225,0.0007336757153338225,0.006603081438004402,0.0,0.00293470286133529,0.0,0.0,0.0,0.008070432868672046,0.0,0.0,0.0,0.004402054292002935,0.0,0.0007336757153338225,0.0,0.0007336757153338225,0.0,0.04842259721203228,0.004402054292002935,0.0,0.0,0.07630227439471754,0.0,0.0,0.0,0.013206162876008804,0.0,0.0,0.006603081438004402,0.00293470286133529,0.0022010271460014674,0.0007336757153338225,0.0,0.0,0.001467351430667645,0.0,0.0,0.001467351430667645,0.0,0.0,0.0,0.0,0.13499633162142333,0.006603081438004402,0.0022010271460014674,0.0,0.0,0.0007336757153338225,0.014673514306676448,0.00293470286133529,0.0,0.0
10,0.0,0.0,0.0,0.0,0.0,0.0,0.0,0.011538461538461539,0.0,0.0,0.0,0.019230769230769232,0.007692307692307693,0.0,0.0,0.007692307692307693,0.0,0.0038461538461538464,0.0,0.0,0.015384615384615385,0.0,0.0,0.0,0.007692307692307693,0.0,0.0,0.015384615384615385,0.0038461538461538464,0.0038461538461538464,0.0,0.0,0.015384615384615385,0.0038461538461538464,0.038461538461538464,0.0,0.0,0.0038461538461538464,0.0038461538461538464,0.026923076923076925,0.023076923076923078,0.0,0.03461538461538462,0.0,0.0,0.0038461538461538464,0.0,0.11153846153846154,0.0,0.0,0.0,0.0,0.0,0.023076923076923078,0.0,0.0,0.011538461538461539,0.015384615384615385,0.0,0.0,0.007692307692307693,0.0,0.0,0.0,0.038461538461538464,0.0038461538461538464,0.0,0.0,0.0,0.0,0.0,0.007692307692307693,0.046153846153846156,0.007692307692307693,0.0,0.023076923076923078,0.011538461538461539,0.026923076923076925,0.007692307692307693,0.0,0.0,0.0
11,0.0,0.0,0.0,0.0,0.007633587786259542,0.0,0.0,0.0,0.0,0.0,0.007633587786259542,0.0,0.022900763358778626,0.0,0.0,0.0,0.0,0.0,0.0,0.007633587786259542,0.0,0.0,0.015267175572519083,0.007633587786259542,0.13740458015267176,0.0,0.0,0.0,0.0,0.0,0.0,0.0,0.0,0.0,0.4198473282442748,0.0,0.0,0.0,0.0,0.0,0.0,0.0,0.0,0.0,0.0,0.0,0.007633587786259542,0.015267175572519083,0.007633587786259542,0.0,0.0,0.0,0.007633587786259542,0.0,0.03816793893129771,0.007633587786259542,0.0,0.0,0.0,0.0,0.0,0.0,0.0,0.0,0.0,0.0,0.0,0.0,0.015267175572519083,0.0,0.0,0.0,0.0,0.04580152671755725,0.0,0.0,0.0,0.007633587786259542,0.11450381679389313,0.0,0.0,0.0
12,0.0,0.0,0.002364066193853428,0.0,0.004728132387706856,0.0,0.0,0.03309692671394799,0.0,0.0,0.0,0.0,0.0,0.009456264775413711,0.002364066193853428,0.0,0.002364066193853428,0.016548463356973995,0.0,0.0,0.13947990543735225,0.002364066193853428,0.0,0.0,0.009456264775413711,0.0,0.002364066193853428,0.054373522458628844,0.0,0.0,0.0,0.0,0.0,0.002364066193853428,0.002364066193853428,0.0,0.0,0.0070921985815602835,0.0,0.0,0.0,0.0,0.0,0.002364066193853428,0.0,0.002364066193853428,0.0070921985815602835,0.004728132387706856,0.002364066193853428,0.0,0.0,0.0,0.0,0.0,0.0,0.0,0.016548463356973995,0.014184397163120567,0.0,0.0,0.004728132387706856,0.0,0.0,0.0,0.028368794326241134,0.0,0.0,0.0,0.0,0.0,0.0,0.002364066193853428,0.3617021276595745,0.0,0.0,0.054373522458628844,0.009456264775413711,0.0,0.0,0.0,0.0,0.0
13,0.0,0.0,0.0,0.0,0.0,0.0,0.07804878048780488,0.0,0.1024390243902439,0.0,0.0,0.014634146341463415,0.0,0.004878048780487805,0.0,0.004878048780487805,0.0,0.0,0.004878048780487805,0.0,0.07317073170731707,0.004878048780487805,0.0,0.0,0.004878048780487805,0.0,0.0,0.0,0.0,0.0,0.0,0.0,0.0,0.0,0.13170731707317074,0.0,0.0,0.0,0.0,0.0,0.0,0.0,0.0,0.0,0.0,0.004878048780487805,0.0,0.0,0.0,0.0,0.0,0.0,0.0,0.0,0.0,0.0,0.0,0.014634146341463415,0.0,0.0,0.0,0.0,0.0,0.0,0.024390243902439025,0.0,0.0,0.0,0.004878048780487805,0.0,0.00975609756097561,0.0,0.0,0.0,0.0,0.18536585365853658,0.0,0.004878048780487805,0.02926829268292683,0.0,0.0,0.0
14,0.0,0.0,0.0,0.0,0.0,0.0,0.0,0.0,0.03914590747330961,0.07829181494661921,0.0,0.010676156583629894,0.0,0.0,0.042704626334519574,0.0,0.0,0.0,0.0,0.0,0.0,0.060498220640569395,0.0,0.0,0.0,0.0,0.0,0.0,0.0,0.0,0.0035587188612099642,0.0,0.0,0.0,0.03558718861209965,0.0,0.0,0.0035587188612099642,0.0,0.08185053380782918,0.0,0.0,0.0,0.0,0.0,0.0,0.017793594306049824,0.0,0.0035587188612099642,0.0,0.0,0.19572953736654805,0.0,0.0,0.0,0.0,0.0,0.0,0.0,0.0,0.0,0.0,0.0,0.0,0.017793594306049824,0.0,0.0,0.046263345195729534,0.0035587188612099642,0.0,0.0,0.0,0.18861209964412812,0.03202846975088968,0.0,0.021352313167259787,0.0,0.0,0.010676156583629894,0.0,0.0,0.0
15,0.0,0.0,0.0,0.0,0.004524886877828055,0.0,0.0,0.0,0.027149321266968326,0.027149321266968326,0.0,0.013574660633484163,0.0,0.0,0.0,0.02262443438914027,0.0,0.0,0.0,0.004524886877828055,0.0,0.0,0.0,0.00904977375565611,0.0,0.0,0.0,0.0,0.00904977375565611,0.004524886877828055,0.0,0.013574660633484163,0.0,0.0,0.0,0.0,0.0,0.00904977375565611,0.0,0.013574660633484163,0.0,0.0,0.013574660633484163,0.0,0.0,0.013574660633484163,0.0,0.02262443438914027,0.0,0.0,0.0,0.0,0.0,0.0,0.0,0.00904977375565611,0.00904977375565611,0.013574660633484163,0.0,0.0,0.0,0.0,0.0,0.0,0.01809954751131222,0.0,0.0,0.0,0.013574660633484163,0.0,0.0,0.004524886877828055,0.06334841628959276,0.00904977375565611,0.0,0.0,0.00904977375565611,0.0,0.027149321266968326,0.0,0.0,0.0
16,0.0,0.0,0.0036900369003690036,0.0,0.0,0.0,0.0,0.0,0.0,0.0,0.0,0.0,0.0,0.01845018450184502,0.014760147601476014,0.0,0.0,0.0,0.0,0.0,0.04797047970479705,0.0,0.007380073800738007,0.0,0.0,0.0,0.0,0.0,0.0,0.0,0.0,0.014760147601476014,0.0,0.0,0.0036900369003690036,0.0,0.0,0.0,0.0,0.0,0.0,0.0036900369003690036,0.0,0.0,0.0,0.0,0.02952029520295203,0.0,0.0,0.0,0.0,0.033210332103321034,0.03690036900369004,0.0,0.0,0.0036900369003690036,0.0,0.0,0.05904059040590406,0.0036900369003690036,0.0,0.0,0.0036900369003690036,0.0,0.0,0.0,0.0,0.0,0.0,0.007380073800738007,0.01107011070110701,0.0,0.0996309963099631,0.04428044280442804,0.0,0.0,0.0,0.0,0.23616236162361623,0.014760147601476014,0.025830258302583026,0.1918819188191882
17,0.0,0.0,0.0,0.0,0.032520325203252036,0.0,0.0,0.008130081300813009,0.04065040650406504,0.0,0.0,0.008130081300813009,0.0,0.0,0.008130081300813009,0.0,0.0,0.008130081300813009,0.008130081300813009,0.0,0.016260162601626018,0.008130081300813009,0.008130081300813009,0.0,0.008130081300813009,0.0,0.016260162601626018,0.04065040650406504,0.0,0.0,0.0,0.0,0.0,0.0,0.0,0.0,0.0,0.008130081300813009,0.0,0.08130081300813008,0.0,0.0,0.0,0.0,0.0,0.0,0.0,0.0,0.0,0.016260162601626018,0.0,0.0,0.0,0.0,0.0975609756097561,0.0,0.0,0.0,0.0,0.0,0.0,0.0,0.0,0.0,0.008130081300813009,0.008130081300813009,0.0,0.0,0.0,0.0,0.024390243902439025,0.0,0.2926829268292683,0.0,0.0,0.024390243902439025,0.0,0.0975609756097561,0.024390243902439025,0.0,0.0,0.0
18,0.0058997050147492625,0.0,0.0,0.0,0.0,0.0,0.0,0.0,0.008849557522123894,0.0,0.0,0.0,0.0029498525073746312,0.0,0.0,0.0,0.0,0.0,0.0029498525073746312,0.0,0.26253687315634217,0.0029498525073746312,0.0,0.0,0.0,0.0,0.0029498525073746312,0.08259587020648967,0.0,0.0,0.0,0.0029498525073746312,0.0,0.0,0.17404129793510326,0.0,0.0,0.0,0.0,0.0,0.0,0.0,0.0,0.0,0.0,0.0,0.058997050147492625,0.0,0.0,0.0029498525073746312,0.0,0.0029498525073746312,0.0,0.0,0.10029498525073746,0.0,0.0029498525073746312,0.0,0.0029498525073746312,0.0,0.017699115044247787,0.0,0.0029498525073746312,0.0,0.0,0.0029498525073746312,0.029498525073746312,0.0029498525073746312,0.0029498525073746312,0.0058997050147492625,0.0,0.0,0.0855457227138643,0.0,0.0,0.05604719764011799,0.0,0.0,0.0,0.0,0.0,0.0
19,0.0,0.0,0.008849557522123894,0.0,0.0,0.0,0.02654867256637168,0.0029498525073746312,0.04129793510324484,0.0,0.0,0.0029498525073746312,0.0,0.029498525073746312,0.0058997050147492625,0.0029498525073746312,0.0029498525073746312,0.0,0.0,0.0,0.0,0.0,0.0,0.017699115044247787,0.0,0.0,0.0,0.0029498525073746312,0.0029498525073746312,0.02064896755162242,0.0029498525073746312,0.014749262536873156,0.0,0.0,0.011799410029498525,0.0,0.0,0.0029498525073746312,0.0029498525073746312,0.0,0.008849557522123894,0.0,0.0,0.0,0.014749262536873156,0.0,0.0,0.02359882005899705,0.0029498525073746312,0.0029498525073746312,0.008849557522123894,0.0,0.02359882005899705,0.014749262536873156,0.04424778761061947,0.0029498525073746312,0.0029498525073746312,0.0,0.0,0.0058997050147492625,0.011799410029498525,0.0029498525073746312,0.0,0.0029498525073746312,0.017699115044247787,0.0,0.0,0.0,0.0029498525073746312,0.029498525073746312,0.017699115044247787,0.0,0.2182890855457227,0.0029498525073746312,0.0029498525073746312,0.0,0.0,0.008849557522123894,0.017699115044247787,0.032448377581120944,0.0,0.008849557522123894
20,0.039473684210526314,0.0021929824561403508,0.0,0.0,0.0,0.0,0.0,0.0021929824561403508,0.0,0.0021929824561403508,0.0021929824561403508,0.0,0.0043859649122807015,0.017543859649122806,0.0,0.0,0.0,0.0,0.0,0.0021929824561403508,0.0,0.0,0.0,0.08552631578947369,0.02412280701754386,0.010964912280701754,0.006578947368421052,0.0,0.0021929824561403508,0.0021929824561403508,0.0,0.0,0.0,0.0021929824561403508,0.0,0.0,0.0,0.0,0.006578947368421052,0.0,0.0,0.0021929824561403508,0.0,0.010964912280701754,0.0,0.0,0.0,0.11842105263157894,0.006578947368421052,0.0,0.0,0.0,0.0,0.0,0.0043859649122807015,0.03070175438596491,0.0,0.0,0.0,0.006578947368421052,0.0,0.0,0.0,0.0,0.03070175438596491,0.0021929824561403508,0.0,0.0,0.006578947368421052,0.0,0.0,0.0,0.3815789473684211,0.0,0.0,0.02850877192982456,0.0043859649122807015,0.02412280701754386,0.0021929824561403508,0.0,0.0,0.0
21,0.013937282229965157,0.003484320557491289,0.0,0.0,0.20905923344947736,0.0,0.003484320557491289,0.0,0.0,0.0,0.0,0.0,0.0,0.0,0.006968641114982578,0.0,0.003484320557491289,0.0,0.0,0.0,0.04878048780487805,0.08013937282229965,0.010452961672473868,0.003484320557491289,0.0,0.010452961672473868,0.0,0.0,0.0,0.0,0.0,0.0,0.0,0.0,0.003484320557491289,0.0,0.0,0.0,0.0,0.0,0.0,0.0,0.0,0.0,0.0,0.0,0.14982578397212543,0.0,0.0,0.0,0.0,0.006968641114982578,0.0,0.0,0.0,0.0,0.0,0.0,0.0,0.0,0.0,0.003484320557491289,0.006968641114982578,0.0,0.0,0.0,0.0,0.0,0.0,0.0,0.0,0.0,0.26480836236933797,0.0,0.0,0.0,0.0,0.0,0.0,0.0,0.0,0.0
22,0.005917159763313609,0.0,0.0,0.0,0.04437869822485207,0.0,0.0,0.0,0.0,0.0,0.005917159763313609,0.0,0.0,0.0029585798816568047,0.0,0.0,0.0,0.0,0.0,0.0,0.005917159763313609,0.008875739644970414,0.0,0.0,0.0,0.0029585798816568047,0.0,0.0029585798816568047,0.0,0.0,0.0,0.0,0.0,0.0,0.0029585798816568047,0.0,0.0,0.0,0.0,0.0,0.0,0.0,0.0,0.0,0.0,0.0,0.0,0.0,0.0,0.0,0.0,0.0,0.0,0.0,0.0,0.0,0.0,0.0,0.0,0.0,0.0,0.0,0.0,0.0,0.011834319526627219,0.0,0.0,0.0,0.0,0.0,0.0,0.005917159763313609,0.6301775147928994,0.0,0.0,0.05621301775147929,0.0,0.005917159763313609,0.0,0.0,0.0,0.0
23,0.0,0.0,0.0,0.0,0.0,0.0,0.0,0.0,0.07575757575757576,0.0,0.0,0.0,0.005050505050505051,0.0,0.0,0.0,0.0,0.015151515151515152,0.0,0.0,0.0,0.0,0.005050505050505051,0.0,0.005050505050505051,0.005050505050505051,0.0,0.0,0.0,0.0,0.0,0.0,0.0,0.0,0.4090909090909091,0.0,0.0,0.0,0.0,0.0,0.0,0.0,0.0,0.0,0.0,0.0,0.0,0.0,0.0,0.0,0.0,0.0,0.0,0.0,0.0,0.0,0.0,0.0,0.10606060606060606,0.0,0.0,0.0,0.0,0.0,0.0707070707070707,0.015151515151515152,0.0,0.0,0.05555555555555555,0.0,0.0,0.05555555555555555,0.0,0.0,0.0,0.0,0.0,0.0,0.0,0.0,0.025252525252525252,0.0
24,0.0,0.0,0.0,0.0,0.008287292817679558,0.0,0.0,0.0055248618784530384,0.04143646408839779,0.022099447513812154,0.0,0.008287292817679558,0.0,0.0,0.0027624309392265192,0.0055248618784530384,0.0027624309392265192,0.0027624309392265192,0.0,0.0027624309392265192,0.0027624309392265192,0.0,0.0,0.0055248618784530384,0.016574585635359115,0.0,0.0,0.0,0.0027624309392265192,0.0,0.0,0.0027624309392265192,0.0,0.0027624309392265192,0.0,0.0,0.0,0.0,0.0,0.0,0.0,0.0,0.0055248618784530384,0.0,0.0,0.0027624309392265192,0.013812154696132596,0.0027624309392265192,0.0,0.0,0.0,0.008287292817679558,0.0,0.0,0.0,0.0,0.011049723756906077,0.016574585635359115,0.0,0.0,0.0,0.0,0.0,0.0,0.016574585635359115,0.0,0.0,0.0,0.008287292817679558,0.0,0.0027624309392265192,0.0,0.3453038674033149,0.0055248618784530384,0.0,0.058011049723756904,0.0,0.04696132596685083,0.019337016574585635,0.0,0.0,0.0
25,0.0,0.0,0.0,0.015384615384615385,0.0,0.0,0.007692307692307693,0.015384615384615385,0.16923076923076924,0.06923076923076923,0.0,0.03076923076923077,0.0,0.0,0.0,0.007692307692307693,0.0,0.0,0.0,0.0,0.0,0.0,0.0,0.015384615384615385,0.007692307692307693,0.0,0.0,0.0,0.0,0.0,0.0,0.007692307692307693,0.0,0.0,0.0,0.0,0.0,0.015384615384615385,0.007692307692307693,0.03076923076923077,0.0,0.0,0.007692307692307693,0.0,0.0,0.0,0.038461538461538464,0.0,0.023076923076923078,0.0,0.0,0.023076923076923078,0.0,0.0,0.0,0.0,0.007692307692307693,0.0,0.0,0.0,0.0,0.0,0.0,0.0,0.0,0.0,0.0,0.007692307692307693,0.007692307692307693,0.0,0.0,0.0,0.2692307692307692,0.007692307692307693,0.0,0.007692307692307693,0.0,0.0,0.03076923076923077,0.0,0.0,0.0
26,0.0,0.0,0.0,0.006993006993006993,0.0,0.0,0.0,0.0,0.0,0.04895104895104895,0.0,0.0,0.0,0.006993006993006993,0.0,0.0,0.0,0.0,0.0,0.0,0.027972027972027972,0.0,0.0,0.013986013986013986,0.006993006993006993,0.006993006993006993,0.0,0.0,0.0,0.0,0.0,0.0,0.0,0.0,0.006993006993006993,0.0,0.013986013986013986,0.027972027972027972,0.0,0.0,0.0,0.0,0.006993006993006993,0.0,0.0,0.006993006993006993,0.0,0.06293706293706294,0.0,0.006993006993006993,0.006993006993006993,0.02097902097902098,0.0,0.006993006993006993,0.0,0.0,0.0,0.0,0.0,0.0,0.0,0.0,0.0,0.027972027972027972,0.0,0.0,0.0,0.013986013986013986,0.0,0.013986013986013986,0.0,0.0,0.08391608391608392,0.03496503496503497,0.0,0.0,0.006993006993006993,0.0,0.006993006993006993,0.0,0.0,0.03496503496503497
27,0.0,0.012295081967213115,0.004098360655737705,0.0,0.0,0.004098360655737705,0.0,0.0,0.0,0.0,0.0,0.0020491803278688526,0.020491803278688523,0.0,0.0020491803278688526,0.0,0.0020491803278688526,0.0,0.006147540983606557,0.004098360655737705,0.0,0.0,0.0020491803278688526,0.028688524590163935,0.0,0.0,0.0,0.0,0.0,0.004098360655737705,0.006147540983606557,0.004098360655737705,0.0020491803278688526,0.0,0.3319672131147541,0.0,0.0,0.0020491803278688526,0.0,0.0,0.004098360655737705,0.0020491803278688526,0.012295081967213115,0.0,0.0,0.0020491803278688526,0.0020491803278688526,0.06967213114754098,0.004098360655737705,0.0,0.0,0.0020491803278688526,0.0,0.0,0.0,0.006147540983606557,0.0,0.0,0.0,0.0,0.0,0.004098360655737705,0.0,0.0,0.0,0.0020491803278688526,0.0,0.0,0.0,0.0,0.0,0.0,0.0,0.08196721311475409,0.0,0.0,0.0,0.0020491803278688526,0.06557377049180328,0.17827868852459017,0.0,0.0
28,0.0,0.0028169014084507044,0.0,0.0028169014084507044,0.0,0.005633802816901409,0.0,0.0,0.0,0.0,0.0,0.005633802816901409,0.005633802816901409,0.0,0.0,0.0,0.0,0.0,0.0028169014084507044,0.0,0.0,0.0,0.0,0.008450704225352112,0.0,0.0,0.0,0.0,0.0,0.011267605633802818,0.0,0.0,0.0,0.0028169014084507044,0.0,0.0,0.0,0.022535211267605635,0.0028169014084507044,0.0,0.008450704225352112,0.008450704225352112,0.011267605633802818,0.0,0.0028169014084507044,0.005633802816901409,0.0028169014084507044,0.056338028169014086,0.0,0.0,0.016901408450704224,0.0,0.036619718309859155,0.0,0.0,0.011267605633802818,0.005633802816901409,0.0,0.0,0.0028169014084507044,0.0028169014084507044,0.0,0.0,0.0,0.10422535211267606,0.0,0.0,0.0,0.0,0.0028169014084507044,0.0,0.0028169014084507044,0.3295774647887324,0.0028169014084507044,0.014084507042253521,0.0,0.0,0.0,0.03380281690140845,0.03380281690140845,0.0,0.008450704225352112
29,0.004310344827586207,0.0,0.0,0.0,0.021551724137931036,0.0,0.0,0.0,0.09482758620689655,0.02586206896551724,0.0,0.0,0.0,0.008620689655172414,0.0,0.0,0.0,0.0,0.0,0.004310344827586207,0.0,0.008620689655172414,0.004310344827586207,0.05603448275862069,0.0,0.01293103448275862,0.0,0.03017241379310345,0.0,0.0,0.0,0.004310344827586207,0.0,0.0,0.11637931034482758,0.0,0.0,0.0,0.0,0.008620689655172414,0.008620689655172414,0.0,0.0,0.0,0.0,0.0,0.0,0.0,0.0,0.008620689655172414,0.0,0.0,0.0,0.01293103448275862,0.0,0.0,0.0,0.004310344827586207,0.06896551724137931,0.0,0.0,0.0,0.0,0.0,0.01293103448275862,0.004310344827586207,0.0,0.004310344827586207,0.004310344827586207,0.0,0.004310344827586207,0.0,0.07758620689655173,0.004310344827586207,0.0,0.04310344827586207,0.0,0.06465517241379311,0.004310344827586207,0.0,0.0,0.0
30,0.0,0.006993006993006993,0.0,0.0,0.0,0.009324009324009324,0.0,0.0,0.002331002331002331,0.0,0.009324009324009324,0.0,0.0,0.0,0.0,0.0,0.0,0.006993006993006993,0.006993006993006993,0.0,0.002331002331002331,0.0,0.0,0.08158508158508158,0.018648018648018648,0.002331002331002331,0.0,0.030303030303030304,0.002331002331002331,0.0,0.018648018648018648,0.002331002331002331,0.004662004662004662,0.0,0.002331002331002331,0.002331002331002331,0.0,0.0,0.0,0.0,0.0,0.0,0.0,0.0,0.0,0.009324009324009324,0.0,0.0,0.0,0.0,0.0,0.0,0.0,0.053613053613053616,0.03496503496503497,0.0,0.0,0.0,0.0,0.0,0.0,0.0,0.0,0.0,0.030303030303030304,0.002331002331002331,0.0,0.0,0.0,0.002331002331002331,0.0,0.002331002331002331,0.40326340326340326,0.0,0.0,0.1351981351981352,0.006993006993006993,0.011655011655011656,0.0,0.011655011655011656,0.0,0.0
31,0.0,0.0,0.0,0.0,0.019230769230769232,0.0,0.0,0.0,0.057692307692307696,0.038461538461538464,0.0,0.009615384615384616,0.0,0.0,0.0,0.0,0.0,0.0,0.0,0.0,0.375,0.0,0.0,0.0,0.0,0.009615384615384616,0.019230769230769232,0.0,0.0,0.0,0.0,0.0,0.0,0.0,0.0,0.0,0.0,0.0,0.0,0.0,0.0,0.0,0.0,0.0,0.0,0.0,0.0,0.0,0.0,0.0,0.0,0.019230769230769232,0.0,0.0,0.0,0.0,0.0,0.0,0.009615384615384616,0.0,0.0,0.0,0.0,0.0,0.028846153846153848,0.038461538461538464,0.0,0.0,0.009615384615384616,0.0,0.0,0.0,0.2403846153846154,0.0,0.0,0.0,0.0,0.0,0.0,0.0,0.0,0.0
32,0.0,0.0,0.0024096385542168677,0.0024096385542168677,0.004819277108433735,0.007228915662650603,0.0,0.0024096385542168677,0.033734939759036145,0.0,0.0,0.004819277108433735,0.0,0.014457831325301205,0.007228915662650603,0.007228915662650603,0.0,0.0,0.0024096385542168677,0.0,0.0,0.007228915662650603,0.0,0.10361445783132531,0.024096385542168676,0.0,0.0,0.03132530120481928,0.016867469879518072,0.0,0.0,0.0024096385542168677,0.0,0.0,0.0,0.0,0.0,0.016867469879518072,0.0,0.007228915662650603,0.0,0.0,0.016867469879518072,0.0,0.004819277108433735,0.0,0.00963855421686747,0.021686746987951807,0.0024096385542168677,0.004819277108433735,0.0,0.0,0.0,0.0024096385542168677,0.0,0.0,0.0,0.007228915662650603,0.0,0.0,0.0,0.0,0.0,0.0,0.004819277108433735,0.0,0.0,0.05060240963855422,0.0,0.0,0.014457831325301205,0.0,0.13493975903614458,0.0,0.004819277108433735,0.00963855421686747,0.0024096385542168677,0.014457831325301205,0.012048192771084338,0.007228915662650603,0.0,0.0
33,0.0019193857965451055,0.0019193857965451055,0.01727447216890595,0.0,0.003838771593090211,0.0019193857965451055,0.0,0.0,0.007677543186180422,0.09788867562380038,0.003838771593090211,0.0,0.003838771593090211,0.0,0.0,0.0,0.0,0.0019193857965451055,0.0,0.0,0.01727447216890595,0.019193857965451054,0.0,0.0,0.0,0.0019193857965451055,0.0019193857965451055,0.0,0.0,0.0,0.0,0.023032629558541268,0.0,0.0,0.0,0.0019193857965451055,0.0,0.0,0.0,0.0,0.0,0.0,0.0,0.0,0.0,0.0019193857965451055,0.01727447216890595,0.07293666026871401,0.0019193857965451055,0.0,0.0,0.013435700575815739,0.003838771593090211,0.0,0.0,0.0019193857965451055,0.0,0.0,0.026871401151631478,0.0019193857965451055,0.0019193857965451055,0.0,0.0019193857965451055,0.0,0.011516314779270634,0.0,0.0,0.0,0.003838771593090211,0.0,0.0,0.0019193857965451055,0.32053742802303264,0.0,0.0019193857965451055,0.0019193857965451055,0.0,0.003838771593090211,0.0019193857965451055,0.0,0.07293666026871401,0.003838771593090211
34,0.00966183574879227,0.004830917874396135,0.0,0.0,0.004830917874396135,0.0,0.0,0.0,0.0,0.0,0.0,0.0,0.0,0.0,0.0,0.0,0.0,0.0,0.0,0.0,0.0,0.0,0.004830917874396135,0.0,0.0,0.024154589371980676,0.0,0.0,0.0,0.0,0.0,0.0,0.0,0.00966183574879227,0.004830917874396135,0.0,0.0,0.0,0.0,0.0,0.0,0.0,0.0,0.0,0.0,0.0,0.0,0.0821256038647343,0.004830917874396135,0.0,0.0,0.0,0.0,0.0,0.0,0.004830917874396135,0.0,0.0,0.0,0.0,0.0,0.0,0.00966183574879227,0.0,0.0,0.0,0.0,0.0,0.0,0.0,0.0,0.014492753623188406,0.004830917874396135,0.0,0.0,0.0,0.0,0.0,0.06763285024154589,0.0,0.07729468599033816,0.0
35,0.0,0.0,0.0,0.0,0.0,0.0,0.0,0.0196078431372549,0.08823529411764706,0.0,0.0,0.0,0.00980392156862745,0.0,0.0,0.029411764705882353,0.0,0.0,0.0,0.0,0.0784313725490196,0.00980392156862745,0.0,0.00980392156862745,0.0,0.0,0.0196078431372549,0.0196078431372549,0.0,0.0,0.00980392156862745,0.0,0.0,0.0,0.029411764705882353,0.0,0.0,0.0196078431372549,0.0,0.00980392156862745,0.0,0.0,0.00980392156862745,0.0,0.0,0.0,0.0,0.0,0.0,0.0,0.0,0.0,0.0,0.0,0.0196078431372549,0.0,0.00980392156862745,0.0,0.0,0.0,0.0,0.0,0.0,0.0,0.10784313725490197,0.0,0.0,0.0392156862745098,0.00980392156862745,0.0,0.0,0.0,0.2647058823529412,0.0,0.0,0.06862745098039216,0.0,0.0,0.00980392156862745,0.0,0.0,0.0
36,0.015784586815227482,0.0018570102135561746,0.0,0.0009285051067780873,0.012999071494893221,0.007428040854224698,0.0,0.0,0.0,0.0,0.019498607242339833,0.0,0.0,0.0,0.0,0.0,0.0,0.002785515320334262,0.0,0.0,0.0,0.0,0.0018570102135561746,0.0,0.008356545961002786,0.002785515320334262,0.0,0.06963788300835655,0.0,0.0,0.0,0.0,0.0,0.0018570102135561746,0.0,0.0018570102135561746,0.003714020427112349,0.0,0.0009285051067780873,0.0,0.0,0.0,0.0,0.0018570102135561746,0.003714020427112349,0.013927576601671309,0.0,0.10027855153203342,0.004642525533890436,0.0,0.0,0.0,0.0,0.0,0.0882079851439183,0.0,0.0,0.003714020427112349,0.0,0.004642525533890436,0.0,0.002785515320334262,0.0,0.0,0.06685236768802229,0.0009285051067780873,0.0,0.1680594243268338,0.0,0.0,0.017641597028783658,0.002785515320334262,0.24512534818941503,0.003714020427112349,0.0,0.0,0.0,0.0,0.0,0.0,0.0,0.0
37,0.0,0.0017857142857142857,0.008928571428571428,0.0,0.0,0.005357142857142857,0.0,0.0,0.02142857142857143,0.019642857142857142,0.0017857142857142857,0.0,0.0,0.0,0.0,0.010714285714285714,0.0035714285714285713,0.0,0.0,0.0,0.0035714285714285713,0.0,0.0,0.033928571428571426,0.0035714285714285713,0.0,0.0035714285714285713,0.0,0.0035714285714285713,0.005357142857142857,0.0017857142857142857,0.0035714285714285713,0.0017857142857142857,0.0,0.13214285714285715,0.0017857142857142857,0.0035714285714285713,0.0,0.0,0.0,0.01607142857142857,0.0,0.0,0.0017857142857142857,0.0,0.008928571428571428,0.007142857142857143,0.0035714285714285713,0.0035714285714285713,0.0017857142857142857,0.0035714285714285713,0.0,0.0,0.023214285714285715,0.0,0.0035714285714285713,0.0035714285714285713,0.005357142857142857,0.0,0.0,0.0,0.0,0.0,0.0035714285714285713,0.0125,0.0,0.0,0.10892857142857143,0.0,0.0,0.0,0.0,0.16785714285714284,0.014285714285714285,0.0,0.023214285714285715,0.0035714285714285713,0.048214285714285716,0.019642857142857142,0.0017857142857142857,0.0,0.0
38,0.03490759753593429,0.0,0.0,0.0,0.2464065708418891,0.0,0.002053388090349076,0.0,0.0,0.0,0.0,0.0,0.002053388090349076,0.0,0.024640657084188913,0.0,0.002053388090349076,0.0,0.0,0.002053388090349076,0.0513347022587269,0.022587268993839837,0.002053388090349076,0.002053388090349076,0.0,0.002053388090349076,0.002053388090349076,0.0,0.0,0.0,0.0,0.0,0.0,0.0,0.0,0.0,0.0,0.0,0.0,0.002053388090349076,0.0,0.0,0.0,0.0,0.0,0.0,0.07802874743326489,0.0,0.0,0.0,0.0,0.053388090349075976,0.0,0.0,0.0,0.002053388090349076,0.0,0.0,0.002053388090349076,0.0,0.0,0.0,0.01026694045174538,0.0,0.018480492813141684,0.0,0.0,0.0,0.002053388090349076,0.004106776180698152,0.0,0.0,0.26283367556468173,0.002053388090349076,0.0,0.0,0.0,0.006160164271047228,0.004106776180698152,0.0,0.004106776180698152,0.0
39,0.0,0.0,0.0,0.01098901098901099,0.02197802197802198,0.0,0.0,0.0,0.11538461538461539,0.0,0.01098901098901099,0.0,0.0,0.0,0.0,0.0,0.0,0.02197802197802198,0.0,0.0,0.0,0.0,0.005494505494505495,0.0,0.0,0.016483516483516484,0.0,0.0,0.0,0.016483516483516484,0.0,0.0,0.0,0.0,0.0,0.0,0.0,0.0,0.0,0.0,0.01098901098901099,0.0,0.0,0.0,0.0,0.0,0.01098901098901099,0.0,0.0,0.0,0.0,0.005494505494505495,0.0,0.0,0.0,0.005494505494505495,0.0,0.0,0.0,0.0,0.0,0.0,0.0,0.0,0.09340659340659341,0.0,0.0,0.0,0.0,0.0,0.0,0.016483516483516484,0.0,0.0,0.0,0.18681318681318682,0.005494505494505495,0.0,0.005494505494505495,0.0,0.005494505494505495,0.0
40,0.0,0.0,0.0136986301369863,0.0,0.0,0.0,0.0,0.0,0.0,0.0,0.0136986301369863,0.0,0.0273972602739726,0.0410958904109589,0.0,0.0,0.00684931506849315,0.0,0.0,0.0,0.0,0.0,0.0,0.0547945205479452,0.04794520547945205,0.0,0.0,0.0,0.0,0.0,0.0136986301369863,0.0,0.0,0.02054794520547945,0.0,0.0,0.0,0.0,0.00684931506849315,0.00684931506849315,0.0,0.0,0.0,0.0,0.0,0.00684931506849315,0.0,0.13013698630136986,0.0,0.0,0.0,0.0,0.0,0.0,0.1232876712328767,0.0,0.0,0.00684931506849315,0.0,0.0,0.0,0.0,0.0,0.04794520547945205,0.02054794520547945,0.0,0.0,0.0,0.0,0.0,0.0,0.0,0.1917808219178082,0.0,0.0,0.00684931506849315,0.00684931506849315,0.0273972602739726,0.02054794520547945,0.02054794520547945,0.0,0.0
41,0.0,0.006369426751592357,0.050955414012738856,0.0,0.0,0.0,0.0,0.012738853503184714,0.050955414012738856,0.0,0.0,0.0,0.0,0.03821656050955414,0.0,0.0,0.0,0.006369426751592357,0.0,0.0,0.03184713375796178,0.0,0.0,0.03184713375796178,0.0,0.0,0.0,0.0,0.0,0.0,0.0,0.006369426751592357,0.0,0.0,0.08917197452229299,0.0,0.0,0.025477707006369428,0.0,0.0,0.0,0.006369426751592357,0.0,0.0,0.0,0.0,0.0,0.0,0.0,0.0,0.012738853503184714,0.006369426751592357,0.0,0.03821656050955414,0.0,0.0,0.0,0.0,0.0,0.0,0.0,0.0,0.0,0.0,0.044585987261146494,0.0,0.0,0.0,0.03821656050955414,0.0,0.0,0.0,0.06369426751592357,0.0,0.0,0.0,0.0,0.03184713375796178,0.01910828025477707,0.01910828025477707,0.0,0.0
42,0.0,0.017543859649122806,0.0,0.0,0.0,0.0,0.02631578947368421,0.0,0.09649122807017543,0.0,0.0,0.008771929824561403,0.0,0.008771929824561403,0.0,0.0,0.0,0.0,0.0,0.0,0.0,0.008771929824561403,0.0,0.02631578947368421,0.0,0.0,0.0,0.0,0.0,0.0,0.0,0.0,0.0,0.017543859649122806,0.017543859649122806,0.0,0.0,0.03508771929824561,0.0,0.0,0.0,0.0,0.0,0.0,0.0,0.0,0.0,0.0,0.008771929824561403,0.0,0.0,0.0,0.0,0.0,0.0,0.0,0.0,0.0,0.0,0.0,0.0,0.017543859649122806,0.0,0.0,0.008771929824561403,0.0,0.0,0.0,0.0,0.0,0.0,0.008771929824561403,0.35964912280701755,0.0,0.0,0.11403508771929824,0.0,0.008771929824561403,0.0,0.0,0.0,0.0
43,0.0,0.0,0.0,0.0,0.0,0.0,0.0,0.0,0.02830188679245283,0.0,0.0,0.0,0.0,0.0,0.018867924528301886,0.0,0.009433962264150943,0.0,0.0,0.0,0.07547169811320754,0.0,0.0,0.0,0.0,0.009433962264150943,0.0,0.009433962264150943,0.0,0.0,0.0,0.0,0.0,0.0,0.0,0.0,0.0,0.0,0.0,0.0,0.0,0.0,0.0,0.0,0.0,0.0,0.009433962264150943,0.0,0.009433962264150943,0.0,0.0,0.03773584905660377,0.0,0.0,0.0,0.0,0.0,0.0,0.0,0.0,0.0,0.0,0.0,0.0,0.018867924528301886,0.0,0.0,0.0,0.0,0.009433962264150943,0.0,0.0,0.6320754716981132,0.018867924528301886,0.0,0.03773584905660377,0.0,0.0,0.04716981132075472,0.0,0.0,0.0
44,0.0,0.0,0.0,0.0,0.7327586206896551,0.0,0.0,0.0,0.0,0.0,0.0,0.0,0.0,0.0,0.0,0.0,0.0,0.0,0.0,0.0,0.0,0.04310344827586207,0.0,0.008620689655172414,0.0,0.008620689655172414,0.0,0.0,0.0,0.0,0.0,0.0,0.0,0.0,0.008620689655172414,0.0,0.0,0.0,0.0,0.0,0.0,0.0,0.0,0.0,0.0,0.0,0.0,0.017241379310344827,0.0,0.0,0.0,0.0,0.0,0.0,0.0,0.0,0.0,0.0,0.0,0.0,0.0,0.0,0.0,0.0,0.017241379310344827,0.0,0.0,0.0,0.0,0.0,0.0,0.0,0.017241379310344827,0.0,0.0,0.008620689655172414,0.0,0.0,0.008620689655172414,0.0,0.0,0.0
45,0.018461538461538463,0.0,0.0,0.0,0.0,0.0,0.05846153846153846,0.0,0.0,0.0,0.027692307692307693,0.0,0.0,0.07692307692307693,0.0,0.0,0.009230769230769232,0.006153846153846154,0.003076923076923077,0.0,0.10153846153846154,0.0,0.0,0.0,0.009230769230769232,0.006153846153846154,0.0,0.0,0.0,0.0,0.0,0.0,0.003076923076923077,0.0,0.0,0.003076923076923077,0.0,0.006153846153846154,0.006153846153846154,0.0,0.015384615384615385,0.0,0.0,0.003076923076923077,0.0,0.003076923076923077,0.0,0.0,0.0,0.0,0.024615384615384615,0.0,0.018461538461538463,0.0,0.0,0.0,0.0,0.0,0.0,0.021538461538461538,0.006153846153846154,0.0,0.0,0.006153846153846154,0.08307692307692308,0.0,0.0,0.0,0.006153846153846154,0.027692307692307693,0.05846153846153846,0.003076923076923077,0.09230769230769231,0.0,0.0,0.0,0.006153846153846154,0.04,0.07692307692307693,0.012307692307692308,0.033846153846153845,0.018461538461538463
46,0.0,0.0,0.031073446327683617,0.0,0.0,0.0,0.0,0.002824858757062147,0.002824858757062147,0.0903954802259887,0.0,0.011299435028248588,0.005649717514124294,0.01694915254237288,0.00847457627118644,0.01694915254237288,0.0,0.0,0.0,0.0,0.002824858757062147,0.0,0.0,0.0,0.07344632768361582,0.002824858757062147,0.0,0.005649717514124294,0.005649717514124294,0.005649717514124294,0.0,0.002824858757062147,0.031073446327683617,0.005649717514124294,0.16666666666666666,0.0,0.0,0.00847457627118644,0.0,0.011299435028248588,0.0,0.0,0.00847457627118644,0.0,0.05367231638418079,0.0,0.00847457627118644,0.00847457627118644,0.03389830508474576,0.0,0.0,0.002824858757062147,0.0,0.0,0.0,0.002824858757062147,0.002824858757062147,0.00847457627118644,0.0,0.0,0.0,0.002824858757062147,0.0,0.0,0.011299435028248588,0.0,0.002824858757062147,0.0,0.00847457627118644,0.0,0.0,0.0,0.096045197740113,0.00847457627118644,0.0,0.00847457627118644,0.0,0.005649717514124294,0.03672316384180791,0.0,0.0,0.0
47,0.2980769230769231,0.0,0.0,0.0,0.004807692307692308,0.0,0.0,0.0,0.004807692307692308,0.0,0.0,0.0,0.0,0.0,0.0,0.0,0.0,0.0,0.0,0.0,0.004807692307692308,0.0,0.004807692307692308,0.0,0.0,0.08173076923076923,0.0,0.0,0.0,0.0,0.0,0.0,0.0,0.0,0.0,0.009615384615384616,0.0,0.0,0.0,0.0,0.0,0.0,0.0,0.0,0.0,0.0,0.0,0.0,0.0,0.0,0.0,0.0,0.0,0.0,0.0,0.0,0.0,0.0,0.0,0.0,0.0,0.0,0.019230769230769232,0.0,0.0,0.0,0.0,0.0,0.0,0.0,0.0,0.0,0.0,0.0,0.0,0.0,0.0,0.1778846153846154,0.0,0.0,0.09615384615384616,0.0
48,0.007874015748031496,0.0,0.0026246719160104987,0.0,0.0026246719160104987,0.0,0.09186351706036745,0.005249343832020997,0.01837270341207349,0.0,0.005249343832020997,0.007874015748031496,0.0026246719160104987,0.010498687664041995,0.0,0.0,0.0,0.0,0.0026246719160104987,0.0,0.18635170603674542,0.0,0.0026246719160104987,0.0026246719160104987,0.013123359580052493,0.0026246719160104987,0.015748031496062992,0.0,0.0,0.0,0.0,0.005249343832020997,0.005249343832020997,0.0026246719160104987,0.30446194225721784,0.0,0.0,0.010498687664041995,0.0,0.06299212598425197,0.010498687664041995,0.0,0.0,0.0026246719160104987,0.0,0.0,0.01837270341207349,0.0026246719160104987,0.023622047244094488,0.007874015748031496,0.0,0.0,0.0,0.0,0.0,0.0,0.005249343832020997,0.0,0.0,0.0026246719160104987,0.0,0.005249343832020997,0.0026246719160104987,0.0,0.007874015748031496,0.007874015748031496,0.0,0.0,0.0,0.0,0.0,0.0,0.0,0.0,0.0,0.026246719160104987,0.0,0.013123359580052493,0.02099737532808399,0.0,0.0,0.0
49,0.0,0.005434782608695652,0.007608695652173913,0.0,0.007608695652173913,0.0,0.0,0.0,0.0,0.0,0.0,0.002173913043478261,0.0,0.025,0.0,0.0010869565217391304,0.0,0.0,0.0,0.0,0.07608695652173914,0.016304347826086956,0.0010869565217391304,0.0,0.007608695652173913,0.0,0.0010869565217391304,0.0,0.0,0.002173913043478261,0.007608695652173913,0.0,0.0,0.004347826086956522,0.01847826086956522,0.0,0.008695652173913044,0.004347826086956522,0.0,0.09347826086956522,0.009782608695652175,0.002173913043478261,0.0,0.002173913043478261,0.008695652173913044,0.0,0.005434782608695652,0.0,0.0,0.0,0.0010869565217391304,0.0010869565217391304,0.002173913043478261,0.1,0.0,0.0,0.0,0.0,0.0,0.0010869565217391304,0.0,0.0010869565217391304,0.0,0.0,0.07173913043478261,0.0,0.0,0.0,0.0,0.0010869565217391304,0.0,0.004347826086956522,0.13804347826086957,0.004347826086956522,0.0,0.02282608695652174,0.005434782608695652,0.04021739130434782,0.002173913043478261,0.013043478260869565,0.0,0.003260869565217391
50,0.0,0.004830917874396135,0.0,0.0,0.0,0.0,0.15458937198067632,0.0,0.0,0.0,0.00966183574879227,0.0,0.0,0.004830917874396135,0.0,0.0,0.0,0.0,0.0,0.0,0.4106280193236715,0.0,0.0,0.0,0.043478260869565216,0.00966183574879227,0.0,0.004830917874396135,0.0,0.0,0.0,0.0,0.0,0.0,0.1111111111111111,0.0,0.033816425120772944,0.0,0.0,0.0,0.0,0.0,0.0,0.0,0.0,0.0,0.0,0.004830917874396135,0.00966183574879227,0.0,0.0,0.01932367149758454,0.0,0.004830917874396135,0.01932367149758454,0.0,0.00966183574879227,0.0,0.0,0.0,0.0,0.0,0.0,0.0,0.0,0.014492753623188406,0.0,0.0,0.0,0.0,0.0,0.0,0.0,0.004830917874396135,0.0,0.004830917874396135,0.0,0.004830917874396135,0.057971014492753624,0.0,0.0,0.0
51,0.0,0.0,0.0,0.0,0.0,0.0,0.0,0.0,0.0,0.16981132075471697,0.0,0.0,0.0,0.009433962264150943,0.0,0.0,0.009433962264150943,0.009433962264150943,0.009433962264150943,0.0,0.0,0.0,0.018867924528301886,0.1320754716981132,0.009433962264150943,0.018867924528301886,0.0,0.0,0.0,0.0,0.0,0.0,0.0,0.02830188679245283,0.0,0.0,0.0,0.0,0.009433962264150943,0.009433962264150943,0.0,0.009433962264150943,0.0,0.0,0.0,0.0,0.018867924528301886,0.0,0.009433962264150943,0.0,0.0,0.0,0.11320754716981132,0.0,0.0,0.0,0.0,0.0,0.0,0.0,0.08490566037735849,0.0,0.0,0.0,0.03773584905660377,0.0,0.0,0.0,0.0,0.018867924528301886,0.0,0.0,0.11320754716981132,0.009433962264150943,0.0,0.009433962264150943,0.0,0.0,0.009433962264150943,0.0,0.0,0.009433962264150943
52,0.0,0.0,0.0058823529411764705,0.0029411764705882353,0.0029411764705882353,0.0029411764705882353,0.0,0.0,0.0029411764705882353,0.06764705882352941,0.0,0.008823529411764706,0.0,0.008823529411764706,0.0029411764705882353,0.0058823529411764705,0.0029411764705882353,0.0,0.0,0.0,0.0,0.0,0.0,0.014705882352941176,0.0,0.0,0.0,0.0,0.0058823529411764705,0.0029411764705882353,0.0058823529411764705,0.008823529411764706,0.0,0.008823529411764706,0.0,0.0,0.0,0.0,0.0,0.0,0.0,0.0,0.011764705882352941,0.0,0.0058823529411764705,0.0,0.0,0.03235294117647059,0.0,0.0,0.0029411764705882353,0.11176470588235295,0.0,0.0,0.0,0.0,0.0,0.0,0.0,0.0,0.0,0.01764705882352941,0.0,0.0029411764705882353,0.011764705882352941,0.0,0.0,0.0058823529411764705,0.0058823529411764705,0.0,0.0058823529411764705,0.0,0.16176470588235295,0.0,0.0,0.0058823529411764705,0.0,0.0,0.023529411764705882,0.0029411764705882353,0.0,0.0058823529411764705
53,0.0,0.0,0.0,0.0,0.007395234182415777,0.0,0.0,0.02875924404272802,0.0,0.0,0.01314708299096138,0.0,0.0,0.0,0.0,0.0,0.0,0.0008216926869350862,0.0008216926869350862,0.0,0.0,0.0,0.0,0.0419063270336894,0.021364009860312245,0.011503697617091208,0.0049301561216105174,0.0,0.0008216926869350862,0.0,0.0,0.0,0.0016433853738701725,0.0,0.0016433853738701725,0.003286770747740345,0.018898931799506986,0.0,0.0,0.0,0.0049301561216105174,0.0,0.0,0.0,0.0,0.00657354149548069,0.031224322103533278,0.0008216926869350862,0.0024650780608052587,0.0,0.0,0.0,0.0,0.0,0.0,0.0,0.0016433853738701725,0.0,0.030402629416598194,0.0,0.0,0.0,0.0,0.0,0.024650780608052588,0.003286770747740345,0.0,0.0,0.020542317173377157,0.0024650780608052587,0.0,0.0049301561216105174,0.18159408381265407,0.0,0.0,0.01972062448644207,0.0008216926869350862,0.010682004930156122,0.013968775677896467,0.0,0.0780608052588332,0.0
54,0.0,0.0,0.004484304932735426,0.0,0.0,0.0,0.02242152466367713,0.0,0.0,0.0,0.0,0.026905829596412557,0.013452914798206279,0.0,0.0,0.008968609865470852,0.0,0.0,0.004484304932735426,0.0,0.004484304932735426,0.0,0.004484304932735426,0.0,0.017937219730941704,0.0,0.0,0.0,0.0,0.0,0.0,0.0,0.004484304932735426,0.0,0.0,0.0,0.0,0.017937219730941704,0.0,0.0,0.004484304932735426,0.0,0.017937219730941704,0.004484304932735426,0.0,0.0,0.008968609865470852,0.3273542600896861,0.0,0.0,0.03139013452914798,0.0,0.0,0.0,0.0,0.0,0.0,0.008968609865470852,0.0,0.004484304932735426,0.0,0.004484304932735426,0.026905829596412557,0.0,0.0,0.0,0.0,0.0,0.0,0.0,0.0,0.004484304932735426,0.06726457399103139,0.008968609865470852,0.0,0.0,0.0,0.02242152466367713,0.013452914798206279,0.0,0.0,0.0
55,0.0,0.00980392156862745,0.0,0.0,0.0,0.0,0.0,0.0,0.029411764705882353,0.00980392156862745,0.0,0.0,0.00980392156862745,0.0,0.0,0.0,0.0,0.0,0.0,0.0,0.09803921568627451,0.0,0.0,0.0196078431372549,0.0,0.0,0.0,0.0,0.0,0.00980392156862745,0.0,0.0,0.0,0.0,0.0,0.0,0.0,0.0,0.0,0.0,0.0,0.00980392156862745,0.0,0.00980392156862745,0.0,0.0,0.0,0.14705882352941177,0.0,0.0,0.0196078431372549,0.00980392156862745,0.0,0.0,0.0196078431372549,0.029411764705882353,0.0,0.0,0.0,0.00980392156862745,0.0,0.0,0.0,0.0,0.0,0.0,0.0,0.0,0.0,0.00980392156862745,0.0,0.0,0.4117647058823529,0.00980392156862745,0.0,0.0,0.0,0.0,0.00980392156862745,0.00980392156862745,0.0,0.0
56,0.0,0.0,0.0,0.01557632398753894,0.0,0.0,0.0,0.0,0.0,0.0,0.0,0.0,0.0,0.0,0.0,0.0,0.0,0.0,0.0,0.0,0.616822429906542,0.0529595015576324,0.006230529595015576,0.0,0.0,0.0,0.0,0.0,0.0,0.0,0.0,0.0,0.0,0.0,0.0,0.0,0.0,0.0,0.0,0.0,0.0,0.0,0.0,0.0,0.0,0.0,0.0,0.0,0.0,0.0,0.0,0.0,0.0,0.0,0.0,0.0,0.0,0.0,0.12149532710280374,0.0,0.0,0.0,0.003115264797507788,0.0,0.006230529595015576,0.0,0.0,0.0,0.0,0.003115264797507788,0.0,0.0,0.0,0.0,0.0,0.0,0.0,0.0,0.0,0.0,0.0,0.0
57,0.0,0.0,0.0,0.0,0.0,0.0,0.0,0.0,0.0,0.0,0.0,0.0,0.0,0.025157232704402517,0.0,0.0,0.0,0.0,0.0,0.0,0.2138364779874214,0.0,0.0,0.0,0.018867924528301886,0.006289308176100629,0.0,0.0,0.0,0.0,0.0,0.0,0.006289308176100629,0.0,0.006289308176100629,0.0,0.0,0.0,0.0,0.018867924528301886,0.0,0.0,0.0,0.0,0.0,0.0,0.0,0.012578616352201259,0.012578616352201259,0.0,0.006289308176100629,0.012578616352201259,0.006289308176100629,0.0,0.0,0.0,0.0,0.0,0.0,0.0,0.0,0.0,0.012578616352201259,0.0,0.0,0.0,0.0,0.0,0.0,0.018867924528301886,0.0,0.0,0.46540880503144655,0.025157232704402517,0.0,0.0,0.0,0.0,0.0,0.0,0.0,0.0
58,0.0,0.019417475728155338,0.0,0.0,0.0,0.0,0.0,0.038834951456310676,0.17475728155339806,0.0,0.009708737864077669,0.0,0.0,0.0,0.02912621359223301,0.0,0.009708737864077669,0.0,0.019417475728155338,0.0,0.0,0.0,0.0,0.0,0.009708737864077669,0.019417475728155338,0.0,0.0,0.0,0.0,0.009708737864077669,0.0,0.0,0.0,0.0,0.0,0.0,0.0,0.0,0.0,0.0,0.0,0.0,0.0,0.0,0.0,0.019417475728155338,0.0,0.0,0.0,0.0,0.009708737864077669,0.0,0.0,0.04854368932038835,0.0,0.009708737864077669,0.0,0.009708737864077669,0.019417475728155338,0.0,0.0,0.0,0.0,0.009708737864077669,0.0,0.0,0.0,0.019417475728155338,0.0,0.0,0.0,0.1941747572815534,0.02912621359223301,0.0,0.0,0.0,0.08737864077669903,0.06796116504854369,0.0,0.0,0.0
59,0.0,0.0,0.006578947368421052,0.0,0.006578947368421052,0.0,0.0,0.0,0.019736842105263157,0.0,0.0,0.006578947368421052,0.0,0.0,0.05263157894736842,0.0,0.0,0.0,0.0,0.0,0.21710526315789475,0.0,0.0,0.0,0.013157894736842105,0.006578947368421052,0.0,0.0,0.0,0.0,0.0,0.006578947368421052,0.0,0.0,0.02631578947368421,0.0,0.0,0.0,0.0,0.0,0.0,0.0,0.0,0.0,0.0,0.0,0.006578947368421052,0.0,0.013157894736842105,0.0,0.0,0.0,0.0,0.0,0.0,0.0,0.0,0.0,0.0,0.0,0.0,0.006578947368421052,0.0,0.0,0.006578947368421052,0.006578947368421052,0.019736842105263157,0.0,0.0,0.0,0.0,0.0,0.32894736842105265,0.0,0.0,0.07894736842105263,0.0,0.006578947368421052,0.06578947368421052,0.0,0.013157894736842105,0.0
60,0.0,0.0016501650165016502,0.0,0.0,0.0016501650165016502,0.0,0.0,0.0,0.0,0.026402640264026403,0.00825082508250825,0.0,0.028052805280528052,0.0,0.03135313531353135,0.0016501650165016502,0.0,0.0,0.0016501650165016502,0.006600660066006601,0.0016501650165016502,0.0049504950495049506,0.0016501650165016502,0.0016501650165016502,0.00825082508250825,0.0,0.0,0.0,0.0,0.0,0.0,0.0,0.0,0.0,0.47029702970297027,0.0,0.0,0.0,0.0,0.0,0.0,0.0,0.0,0.0016501650165016502,0.0016501650165016502,0.009900990099009901,0.0049504950495049506,0.033003300330033,0.009900990099009901,0.0016501650165016502,0.0,0.01485148514851485,0.01485148514851485,0.0,0.08085808580858085,0.0016501650165016502,0.0,0.0033003300330033004,0.0,0.0033003300330033004,0.0,0.0016501650165016502,0.00825082508250825,0.0,0.0297029702970297,0.0016501650165016502,0.0,0.0016501650165016502,0.00825082508250825,0.0,0.0,0.0033003300330033004,0.0016501650165016502,0.0165016501650165,0.0016501650165016502,0.0,0.0,0.0,0.10231023102310231,0.0,0.0,0.0
61,0.005,0.03,0.0,0.0,0.0,0.0,0.0,0.0,0.005,0.0,0.0,0.0,0.0,0.0,0.0,0.0,0.0,0.0,0.01,0.0,0.285,0.0,0.0,0.0,0.0,0.005,0.0,0.02,0.0,0.005,0.0,0.0,0.0,0.0,0.0,0.0,0.0,0.0,0.0,0.015,0.0,0.0,0.0,0.015,0.0,0.0,0.0,0.03,0.0,0.0,0.0,0.005,0.005,0.0,0.0,0.0,0.0,0.0,0.0,0.0,0.0,0.0,0.0,0.055,0.09,0.0,0.0,0.0,0.005,0.015,0.025,0.005,0.195,0.0,0.0,0.0,0.0,0.055,0.045,0.0,0.01,0.0
62,0.0,0.0,0.0,0.0,0.010471204188481676,0.0,0.0,0.005235602094240838,0.07329842931937172,0.0,0.0,0.005235602094240838,0.0,0.0,0.005235602094240838,0.010471204188481676,0.0,0.0,0.005235602094240838,0.0,0.13089005235602094,0.005235602094240838,0.0,0.0,0.0,0.0,0.0,0.03664921465968586,0.0,0.0,0.005235602094240838,0.0,0.005235602094240838,0.0,0.005235602094240838,0.0,0.0,0.0,0.0,0.041884816753926704,0.0,0.0,0.0,0.0,0.005235602094240838,0.0,0.010471204188481676,0.010471204188481676,0.015706806282722512,0.0,0.0,0.03664921465968586,0.0,0.0,0.020942408376963352,0.0,0.005235602094240838,0.0,0.0,0.005235602094240838,0.0,0.0,0.0,0.0,0.08376963350785341,0.0,0.0,0.005235602094240838,0.0,0.0,0.005235602094240838,0.010471204188481676,0.2617801047120419,0.005235602094240838,0.0,0.005235602094240838,0.010471204188481676,0.03664921465968586,0.005235602094240838,0.0,0.005235602094240838,0.0
63,0.04,0.0,0.0,0.0,0.0,0.0,0.0,0.0,0.022222222222222223,0.0,0.0044444444444444444,0.0,0.0,0.02666666666666667,0.0,0.0,0.0,0.008888888888888889,0.0,0.0,0.24,0.0,0.0,0.0,0.04,0.017777777777777778,0.017777777777777778,0.0,0.0,0.0,0.0,0.0,0.0,0.0,0.0044444444444444444,0.0,0.0,0.0,0.0,0.0,0.008888888888888889,0.0,0.0,0.0,0.0,0.0,0.1111111111111111,0.0,0.0,0.0,0.0,0.0,0.0,0.0,0.0,0.0,0.0,0.0,0.04,0.0,0.0,0.0,0.0,0.0,0.008888888888888889,0.044444444444444446,0.0,0.0,0.0,0.0,0.0,0.008888888888888889,0.29777777777777775,0.0,0.0,0.0,0.0,0.0044444444444444444,0.0,0.0,0.0,0.0
64,0.007936507936507936,0.0,0.015873015873015872,0.0,0.0,0.0,0.015873015873015872,0.0,0.023809523809523808,0.0,0.0,0.0,0.0,0.031746031746031744,0.023809523809523808,0.0,0.0,0.0,0.0,0.0,0.14285714285714285,0.0,0.0,0.007936507936507936,0.0,0.015873015873015872,0.007936507936507936,0.0,0.007936507936507936,0.007936507936507936,0.007936507936507936,0.031746031746031744,0.0,0.0,0.05555555555555555,0.015873015873015872,0.007936507936507936,0.0,0.0,0.007936507936507936,0.0,0.0,0.0,0.0,0.0,0.0,0.0,0.015873015873015872,0.0,0.0,0.0,0.0,0.0,0.0,0.015873015873015872,0.0,0.0,0.0,0.0,0.0,0.0,0.0,0.0,0.0,0.0,0.0,0.0,0.0,0.0,0.031746031746031744,0.007936507936507936,0.0,0.015873015873015872,0.007936507936507936,0.0,0.007936507936507936,0.0,0.0,0.2222222222222222,0.0,0.0,0.0
65,0.0,0.0043859649122807015,0.0,0.0043859649122807015,0.0,0.0,0.0,0.0,0.021929824561403508,0.0,0.0,0.0,0.0,0.0,0.0,0.0,0.0,0.0,0.0,0.0,0.05263157894736842,0.0043859649122807015,0.0,0.0,0.0,0.0,0.0,0.07456140350877193,0.0,0.0,0.0,0.0043859649122807015,0.0,0.0,0.0,0.0,0.0,0.0,0.0,0.0,0.0,0.0,0.0,0.0,0.0,0.0,0.008771929824561403,0.0,0.0,0.0,0.0,0.0,0.0,0.0,0.03508771929824561,0.0,0.043859649122807015,0.0,0.16666666666666666,0.0,0.0,0.0,0.0,0.0,0.017543859649122806,0.0,0.017543859649122806,0.0,0.0,0.0,0.0,0.013157894736842105,0.19298245614035087,0.0,0.0,0.043859649122807015,0.0,0.0,0.0,0.0,0.0,0.0
66,0.0,0.0,0.0,0.0,0.0,0.0,0.02040816326530612,0.04081632653061224,0.030612244897959183,0.0,0.00510204081632653,0.0,0.0,0.02040816326530612,0.0,0.01020408163265306,0.0,0.0,0.0,0.0,0.00510204081632653,0.0,0.0,0.01020408163265306,0.0,0.0,0.00510204081632653,0.0,0.0,0.0,0.015306122448979591,0.0,0.0,0.0,0.08163265306122448,0.0,0.0,0.00510204081632653,0.0,0.0663265306122449,0.00510204081632653,0.0,0.0,0.0,0.0,0.0,0.0,0.03571428571428571,0.0,0.0,0.0,0.0,0.00510204081632653,0.015306122448979591,0.0,0.0,0.0,0.0,0.0,0.0,0.00510204081632653,0.00510204081632653,0.0,0.0,0.00510204081632653,0.0,0.0,0.05102040816326531,0.00510204081632653,0.0,0.0,0.0,0.07653061224489796,0.00510204081632653,0.0,0.01020408163265306,0.00510204081632653,0.01020408163265306,0.02040816326530612,0.02040816326530612,0.0,0.0
67,0.0,0.007429420505200594,0.007429420505200594,0.0014858841010401188,0.01634472511144131,0.0029717682020802376,0.0,0.0,0.004457652303120356,0.0,0.0,0.0,0.005943536404160475,0.0029717682020802376,0.0014858841010401188,0.0,0.0,0.0,0.0029717682020802376,0.0,0.0,0.0029717682020802376,0.0014858841010401188,0.0029717682020802376,0.0029717682020802376,0.0,0.0,0.0014858841010401188,0.0,0.0,0.0,0.010401188707280832,0.0,0.0014858841010401188,0.007429420505200594,0.0,0.0,0.017830609212481426,0.0,0.05052005943536404,0.0,0.004457652303120356,0.0,0.0,0.0,0.0,0.004457652303120356,0.019316493313521546,0.004457652303120356,0.0029717682020802376,0.0,0.0475482912332838,0.0,0.0,0.0014858841010401188,0.0014858841010401188,0.0,0.0,0.0029717682020802376,0.0,0.0029717682020802376,0.0014858841010401188,0.0,0.0,0.022288261515601784,0.0,0.0029717682020802376,0.0,0.02526002971768202,0.0,0.004457652303120356,0.0,0.5393759286775631,0.05052005943536404,0.0,0.0,0.0,0.005943536404160475,0.04011887072808321,0.0,0.0,0.0014858841010401188
68,0.0,0.0,0.0,0.0,0.003134796238244514,0.0,0.012539184952978056,0.0,0.0,0.10658307210031348,0.0,0.0,0.0,0.003134796238244514,0.0,0.0,0.0,0.0,0.0,0.0,0.009404388714733543,0.006269592476489028,0.012539184952978056,0.006269592476489028,0.0,0.0,0.0,0.0,0.0,0.0,0.0,0.0,0.0,0.0,0.09717868338557993,0.0,0.0,0.0,0.0,0.0,0.0,0.0,0.0,0.0,0.0,0.0,0.012539184952978056,0.0,0.0,0.0,0.0,0.0,0.0,0.0,0.003134796238244514,0.0,0.0,0.0,0.050156739811912224,0.0,0.0,0.0,0.003134796238244514,0.0,0.05642633228840126,0.018808777429467086,0.0,0.0,0.009404388714733543,0.0,0.10031347962382445,0.009404388714733543,0.22570532915360503,0.0,0.0,0.05956112852664577,0.0,0.025078369905956112,0.0,0.0,0.0,0.0
69,0.0,0.0,0.0,0.006134969325153374,0.04294478527607362,0.0,0.0,0.0,0.0,0.0,0.0,0.0,0.0,0.0,0.0,0.0,0.0,0.0,0.0,0.006134969325153374,0.006134969325153374,0.0,0.018404907975460124,0.0,0.0,0.012269938650306749,0.0,0.0,0.0,0.0,0.0,0.0,0.0,0.0,0.2147239263803681,0.0,0.0,0.0,0.006134969325153374,0.0,0.0,0.0,0.0,0.0,0.0,0.0,0.006134969325153374,0.006134969325153374,0.0,0.06134969325153374,0.0,0.0,0.0,0.0,0.0,0.0,0.0,0.0,0.0,0.0,0.0,0.006134969325153374,0.0,0.0,0.09202453987730061,0.0,0.0,0.0,0.0,0.0,0.0,0.0,0.2085889570552147,0.0,0.0,0.17177914110429449,0.0,0.049079754601226995,0.0,0.0,0.03067484662576687,0.0
70,0.0,0.0023584905660377358,0.01179245283018868,0.0,0.0,0.0,0.0,0.01179245283018868,0.0,0.0,0.0,0.009433962264150943,0.0,0.0,0.0047169811320754715,0.0023584905660377358,0.0,0.0,0.0047169811320754715,0.0023584905660377358,0.0,0.0,0.0,0.08490566037735849,0.0,0.0,0.0023584905660377358,0.0,0.0,0.007075471698113208,0.01179245283018868,0.01179245283018868,0.0023584905660377358,0.0047169811320754715,0.0047169811320754715,0.0,0.0023584905660377358,0.01650943396226415,0.0,0.0047169811320754715,0.0023584905660377358,0.007075471698113208,0.014150943396226415,0.0,0.0023584905660377358,0.0023584905660377358,0.1320754716981132,0.04009433962264151,0.0,0.01650943396226415,0.0,0.0,0.0,0.018867924528301886,0.0,0.0023584905660377358,0.0,0.0023584905660377358,0.0,0.007075471698113208,0.0,0.007075471698113208,0.0,0.02830188679245283,0.0,0.0,0.0,0.0,0.0,0.009433962264150943,0.0,0.0,0.0023584905660377358,0.0,0.0023584905660377358,0.0,0.0,0.01650943396226415,0.10141509433962265,0.0,0.0,0.0
71,0.0,0.002028397565922921,0.008113590263691683,0.0,0.002028397565922921,0.0,0.0,0.0,0.002028397565922921,0.0,0.0,0.0,0.0,0.0,0.0,0.0,0.0,0.0,0.002028397565922921,0.0,0.332657200811359,0.004056795131845842,0.0,0.004056795131845842,0.010141987829614604,0.0,0.006085192697768763,0.05070993914807302,0.0,0.002028397565922921,0.02636916835699797,0.038539553752535496,0.002028397565922921,0.002028397565922921,0.002028397565922921,0.0,0.004056795131845842,0.0,0.002028397565922921,0.0,0.0,0.0,0.006085192697768763,0.0,0.0,0.0,0.004056795131845842,0.0,0.002028397565922921,0.004056795131845842,0.0,0.002028397565922921,0.002028397565922921,0.0,0.07099391480730223,0.0,0.018255578093306288,0.0,0.0,0.002028397565922921,0.004056795131845842,0.0,0.0,0.0,0.0,0.0,0.0,0.002028397565922921,0.04665314401622718,0.008113590263691683,0.0,0.004056795131845842,0.11764705882352941,0.012170385395537525,0.0,0.002028397565922921,0.0,0.0,0.05070993914807302,0.0,0.0,0.0
72,0.0,0.001142857142857143,0.006857142857142857,0.001142857142857143,0.016,0.001142857142857143,0.0,0.0,0.0034285714285714284,0.0,0.002285714285714286,0.0,0.010285714285714285,0.005714285714285714,0.03428571428571429,0.0,0.0,0.0,0.0,0.0,0.0034285714285714284,0.0,0.0,0.002285714285714286,0.001142857142857143,0.011428571428571429,0.001142857142857143,0.0,0.0,0.0,0.0,0.006857142857142857,0.0,0.0034285714285714284,0.0034285714285714284,0.0,0.0,0.0,0.0,0.0,0.0,0.0,0.0,0.001142857142857143,0.009142857142857144,0.0,0.004571428571428572,0.021714285714285714,0.001142857142857143,0.0,0.0,0.053714285714285714,0.022857142857142857,0.0,0.045714285714285714,0.012571428571428572,0.0,0.0,0.0,0.001142857142857143,0.001142857142857143,0.0,0.0,0.002285714285714286,0.001142857142857143,0.0034285714285714284,0.001142857142857143,0.0,0.0034285714285714284,0.001142857142857143,0.0,0.0,0.3417142857142857,0.036571428571428574,0.0,0.0,0.0,0.001142857142857143,0.23314285714285715,0.0,0.0,0.012571428571428572
73,0.0,0.0,0.0,0.0,0.0,0.0,0.0,0.0,0.04827586206896552,0.0,0.0,0.006896551724137931,0.0,0.013793103448275862,0.0,0.0,0.0,0.0,0.0,0.0,0.013793103448275862,0.0,0.0,0.0,0.006896551724137931,0.0,0.0,0.027586206896551724,0.0,0.0,0.0,0.0,0.0,0.0,0.041379310344827586,0.0,0.0,0.0,0.0,0.06896551724137931,0.006896551724137931,0.0,0.0,0.0,0.006896551724137931,0.0,0.013793103448275862,0.0,0.0,0.034482758620689655,0.06896551724137931,0.0,0.006896551724137931,0.0,0.0,0.0,0.0,0.0,0.0,0.0,0.0,0.0,0.0,0.0,0.020689655172413793,0.0,0.0,0.15172413793103448,0.027586206896551724,0.0,0.0,0.006896551724137931,0.296551724137931,0.0,0.0,0.0,0.0,0.006896551724137931,0.0,0.027586206896551724,0.0,0.0
74,0.0,0.012658227848101266,0.009845288326300985,0.0,0.007032348804500703,0.004219409282700422,0.0,0.004219409282700422,0.009845288326300985,0.0,0.004219409282700422,0.004219409282700422,0.0,0.016877637130801686,0.0,0.005625879043600563,0.007032348804500703,0.0,0.0,0.004219409282700422,0.0,0.0,0.0,0.012658227848101266,0.0028129395218002813,0.004219409282700422,0.0014064697609001407,0.08157524613220815,0.0,0.0,0.0028129395218002813,0.02390998593530239,0.0028129395218002813,0.01969057665260197,0.0,0.0,0.004219409282700422,0.02390998593530239,0.0014064697609001407,0.0,0.0,0.0,0.0,0.0014064697609001407,0.0028129395218002813,0.0,0.02812939521800281,0.0,0.0028129395218002813,0.0028129395218002813,0.0,0.0,0.0,0.0,0.0,0.005625879043600563,0.0,0.008438818565400843,0.0,0.005625879043600563,0.0,0.0014064697609001407,0.0014064697609001407,0.0,0.011251758087201125,0.0,0.0,0.09142053445850915,0.0,0.0014064697609001407,0.0,0.0014064697609001407,0.12939521800281295,0.02390998593530239,0.0,0.016877637130801686,0.0,0.04781997187060478,0.01969057665260197,0.014064697609001406,0.0,0.0
75,0.0,0.004366812227074236,0.0,0.0,0.0,0.0,0.0,0.008733624454148471,0.013100436681222707,0.0,0.0,0.0,0.0,0.0,0.0,0.0,0.004366812227074236,0.0,0.0,0.0,0.0,0.0,0.0,0.0,0.017467248908296942,0.0,0.0,0.026200873362445413,0.004366812227074236,0.004366812227074236,0.0,0.0,0.0,0.0,0.10043668122270742,0.0,0.0,0.0,0.0,0.021834061135371178,0.004366812227074236,0.0,0.0,0.0,0.004366812227074236,0.0,0.039301310043668124,0.0,0.004366812227074236,0.0,0.0,0.013100436681222707,0.0,0.0,0.0,0.0,0.0,0.0,0.0,0.0,0.0,0.0,0.0,0.0,0.0,0.0,0.034934497816593885,0.06986899563318777,0.004366812227074236,0.004366812227074236,0.004366812227074236,0.013100436681222707,0.013100436681222707,0.004366812227074236,0.0,0.0,0.0,0.004366812227074236,0.021834061135371178,0.0,0.0,0.0
76,0.0,0.012738853503184714,0.0,0.0,0.0,0.0,0.0,0.0010615711252653928,0.0010615711252653928,0.0,0.005307855626326964,0.0,0.010615711252653927,0.04883227176220807,0.0,0.005307855626326964,0.0010615711252653928,0.0010615711252653928,0.0031847133757961785,0.0,0.07006369426751592,0.0,0.0,0.006369426751592357,0.005307855626326964,0.0021231422505307855,0.0,0.005307855626326964,0.0,0.010615711252653927,0.0010615711252653928,0.0,0.0010615711252653928,0.009554140127388535,0.0010615711252653928,0.0,0.0031847133757961785,0.0,0.0021231422505307855,0.0,0.0,0.0,0.0,0.0010615711252653928,0.0031847133757961785,0.0021231422505307855,0.0021231422505307855,0.20063694267515925,0.0,0.01167728237791932,0.0010615711252653928,0.004246284501061571,0.01167728237791932,0.0,0.013800424628450107,0.0074309978768577496,0.0010615711252653928,0.0,0.0010615711252653928,0.0,0.0,0.004246284501061571,0.0010615711252653928,0.0074309978768577496,0.024416135881104035,0.0,0.0,0.0,0.004246284501061571,0.0,0.0,0.0010615711252653928,0.10509554140127389,0.0,0.0,0.0,0.0,0.050955414012738856,0.009554140127388535,0.01592356687898089,0.0,0.02653927813163482
77,0.0,0.0,0.03597122302158273,0.0,0.0,0.0,0.0,0.0,0.0,0.0,0.0,0.0,0.0,0.0,0.014388489208633094,0.0,0.007194244604316547,0.0,0.0,0.0,0.050359712230215826,0.0,0.0,0.0,0.007194244604316547,0.0,0.0,0.0,0.0,0.0,0.007194244604316547,0.007194244604316547,0.0,0.014388489208633094,0.0,0.0,0.0,0.0,0.0,0.007194244604316547,0.007194244604316547,0.0,0.007194244604316547,0.0,0.007194244604316547,0.0,0.0,0.06474820143884892,0.0,0.007194244604316547,0.0,0.014388489208633094,0.0,0.007194244604316547,0.007194244604316547,0.0,0.007194244604316547,0.0,0.0,0.02158273381294964,0.0,0.0,0.0,0.0,0.0,0.0,0.0,0.02877697841726619,0.007194244604316547,0.0,0.0,0.0,0.10071942446043165,0.02158273381294964,0.014388489208633094,0.0,0.0,0.007194244604316547,0.02877697841726619,0.0,0.0,0.0
78,0.0,0.017543859649122806,0.0,0.0,0.0,0.0,0.0,0.013157894736842105,0.0,0.039473684210526314,0.02631578947368421,0.0043859649122807015,0.0043859649122807015,0.0,0.008771929824561403,0.0,0.0,0.0,0.0,0.0,0.15350877192982457,0.0,0.0,0.008771929824561403,0.02631578947368421,0.0,0.0043859649122807015,0.0043859649122807015,0.0,0.0,0.008771929824561403,0.0,0.0,0.0,0.013157894736842105,0.0,0.0,0.0,0.0,0.07017543859649122,0.0043859649122807015,0.0043859649122807015,0.0,0.0,0.0,0.0043859649122807015,0.0,0.0043859649122807015,0.0,0.0043859649122807015,0.0,0.0043859649122807015,0.0,0.0,0.017543859649122806,0.0,0.0,0.0,0.0,0.0043859649122807015,0.0,0.0,0.0,0.0,0.04824561403508772,0.0,0.0043859649122807015,0.008771929824561403,0.02631578947368421,0.0,0.0,0.0,0.17105263157894737,0.0,0.0,0.03070175438596491,0.0,0.021929824561403508,0.03508771929824561,0.008771929824561403,0.0043859649122807015,0.0
79,0.0022271714922048997,0.0,0.0,0.0,0.004454342984409799,0.0,0.0,0.0022271714922048997,0.0,0.0,0.0,0.0,0.0,0.0,0.0,0.0,0.0,0.0,0.0,0.0,0.004454342984409799,0.011135857461024499,0.0022271714922048997,0.0,0.0,0.015590200445434299,0.0,0.0022271714922048997,0.0022271714922048997,0.0,0.0,0.0,0.0,0.0,0.011135857461024499,0.0,0.0,0.0,0.0,0.008908685968819599,0.008908685968819599,0.0,0.0022271714922048997,0.0,0.0,0.0,0.0,0.004454342984409799,0.0022271714922048997,0.0022271714922048997,0.0022271714922048997,0.0,0.0,0.0,0.0,0.0,0.0,0.0,0.0022271714922048997,0.0,0.0066815144766146995,0.0,0.0,0.0,0.022271714922048998,0.0,0.0,0.0,0.0,0.0066815144766146995,0.0,0.017817371937639197,0.5835189309576837,0.004454342984409799,0.0,0.031180400890868598,0.0,0.015590200445434299,0.133630289532294,0.0,0.0200445434298441,0.0
80,0.03773584905660377,0.0,0.0,0.0,0.050314465408805034,0.0,0.0,0.0,0.012578616352201259,0.0,0.0,0.0,0.0,0.006289308176100629,0.0,0.0,0.0,0.0,0.0,0.0,0.0,0.0,0.006289308176100629,0.006289308176100629,0.006289308176100629,0.006289308176100629,0.0,0.012578616352201259,0.0,0.0,0.0,0.006289308176100629,0.0,0.0,0.0,0.0,0.0,0.0,0.0,0.0,0.006289308176100629,0.0,0.0,0.0,0.0,0.0,0.07547169811320754,0.0,0.0,0.0,0.0,0.0,0.0,0.0,0.0,0.0,0.0,0.0,0.0440251572327044,0.0,0.0,0.0,0.0,0.0,0.018867924528301886,0.012578616352201259,0.03773584905660377,0.0,0.025157232704402517,0.018867924528301886,0.0,0.006289308176100629,0.3836477987421384,0.0,0.0,0.03773584905660377,0.0,0.025157232704402517,0.07547169811320754,0.0,0.0,0.0
81,0.0,0.0,0.0,0.0,0.0,0.0035460992907801418,0.0,0.028368794326241134,0.09574468085106383,0.0,0.0,0.0,0.0,0.06382978723404255,0.0070921985815602835,0.0,0.0,0.0,0.0,0.0035460992907801418,0.1773049645390071,0.0,0.0,0.0035460992907801418,0.0035460992907801418,0.0,0.0,0.0070921985815602835,0.0,0.0,0.0,0.0035460992907801418,0.0,0.0,0.2375886524822695,0.0,0.0,0.0,0.0,0.02127659574468085,0.0,0.010638297872340425,0.0070921985815602835,0.0,0.0,0.0070921985815602835,0.0,0.0070921985815602835,0.0,0.0070921985815602835,0.0,0.014184397163120567,0.0,0.0035460992907801418,0.028368794326241134,0.0,0.0070921985815602835,0.01773049645390071,0.0,0.0,0.0,0.0035460992907801418,0.0,0.0,0.010638297872340425,0.0,0.0,0.0,0.0,0.0035460992907801418,0.0070921985815602835,0.0,0.0070921985815602835,0.0035460992907801418,0.0,0.0070921985815602835,0.010638297872340425,0.028368794326241134,0.0673758865248227,0.0,0.0,0.0035460992907801418
82,0.0,0.007894736842105263,0.02017543859649123,0.0,0.0,0.0061403508771929825,0.13771929824561405,0.010526315789473684,0.05087719298245614,0.0,0.0008771929824561404,0.011403508771929825,0.0017543859649122807,0.04649122807017544,0.0,0.0,0.002631578947368421,0.0008771929824561404,0.002631578947368421,0.0,0.06491228070175438,0.0,0.0,0.002631578947368421,0.017543859649122806,0.0008771929824561404,0.0043859649122807015,0.0043859649122807015,0.0017543859649122807,0.0017543859649122807,0.0,0.02456140350877193,0.0017543859649122807,0.0017543859649122807,0.19824561403508772,0.0,0.002631578947368421,0.0,0.0,0.015789473684210527,0.013157894736842105,0.002631578947368421,0.0,0.0,0.0,0.0043859649122807015,0.0061403508771929825,0.007894736842105263,0.0,0.0,0.0,0.0017543859649122807,0.0,0.0,0.0,0.0008771929824561404,0.0,0.0,0.0,0.0017543859649122807,0.0,0.0017543859649122807,0.0,0.0,0.0,0.0008771929824561404,0.0,0.0008771929824561404,0.02982456140350877,0.0,0.0,0.002631578947368421,0.0,0.0008771929824561404,0.0,0.014912280701754385,0.0,0.03859649122807018,0.08157894736842106,0.0008771929824561404,0.0,0.0
83,0.0,0.0,0.0027137042062415195,0.0,0.0,0.0,0.0,0.016282225237449117,0.010854816824966078,0.0,0.0013568521031207597,0.0013568521031207597,0.0027137042062415195,0.010854816824966078,0.0,0.004070556309362279,0.0,0.0013568521031207597,0.0,0.0027137042062415195,0.0,0.0,0.0,0.017639077340569877,0.0,0.0,0.0067842605156037995,0.051560379918588875,0.0013568521031207597,0.0,0.0,0.0027137042062415195,0.012211668928086838,0.0,0.0,0.0013568521031207597,0.005427408412483039,0.0,0.0027137042062415195,0.0027137042062415195,0.0,0.0013568521031207597,0.010854816824966078,0.0013568521031207597,0.0013568521031207597,0.0013568521031207597,0.008141112618724558,0.051560379918588875,0.0013568521031207597,0.004070556309362279,0.0,0.0027137042062415195,0.0,0.005427408412483039,0.0,0.0,0.005427408412483039,0.0027137042062415195,0.0,0.0013568521031207597,0.027137042062415198,0.0027137042062415195,0.0,0.0,0.013568521031207599,0.0,0.0,0.04341926729986431,0.0013568521031207597,0.0067842605156037995,0.0,0.0,0.09633649932157395,0.0,0.0013568521031207597,0.009497964721845319,0.013568521031207599,0.018995929443690638,0.027137042062415198,0.004070556309362279,0.0,0.0
84,0.0,0.0035087719298245615,0.0,0.0,0.04736842105263158,0.0,0.0,0.0,0.1456140350877193,0.08070175438596491,0.0,0.0,0.0017543859649122807,0.0,0.0017543859649122807,0.008771929824561403,0.005263157894736842,0.0,0.0017543859649122807,0.0,0.05087719298245614,0.0,0.0,0.03684210526315789,0.0017543859649122807,0.0,0.0,0.0,0.0,0.0017543859649122807,0.0,0.0035087719298245615,0.0,0.0,0.0017543859649122807,0.0,0.0,0.010526315789473684,0.0,0.0017543859649122807,0.0,0.0,0.0,0.0,0.0,0.0017543859649122807,0.007017543859649123,0.0017543859649122807,0.0017543859649122807,0.007017543859649123,0.0,0.0017543859649122807,0.0,0.0,0.0,0.0017543859649122807,0.010526315789473684,0.012280701754385965,0.0,0.0,0.0,0.0,0.0,0.0,0.021052631578947368,0.0035087719298245615,0.0,0.0,0.0035087719298245615,0.0035087719298245615,0.0,0.0,0.2614035087719298,0.012280701754385965,0.0,0.1,0.0,0.0,0.02280701754385965,0.0,0.0,0.0
85,0.0,0.008174386920980926,0.010899182561307902,0.0013623978201634877,0.0027247956403269754,0.0,0.0,0.0,0.0,0.0013623978201634877,0.0013623978201634877,0.0027247956403269754,0.0027247956403269754,0.021798365122615803,0.0013623978201634877,0.0013623978201634877,0.0,0.0,0.0,0.0,0.05449591280653951,0.005449591280653951,0.0013623978201634877,0.0,0.008174386920980926,0.0,0.0,0.0,0.0,0.0,0.005449591280653951,0.0,0.0,0.0027247956403269754,0.013623978201634877,0.0013623978201634877,0.013623978201634877,0.0013623978201634877,0.0013623978201634877,0.0885558583106267,0.004087193460490463,0.004087193460490463,0.0,0.0027247956403269754,0.008174386920980926,0.0013623978201634877,0.0,0.0,0.0013623978201634877,0.0013623978201634877,0.0,0.006811989100817439,0.01634877384196185,0.15122615803814715,0.0,0.0,0.0,0.0,0.0,0.0,0.0,0.0,0.0,0.0,0.09400544959128065,0.0,0.0,0.0,0.0,0.0,0.0,0.0027247956403269754,0.0994550408719346,0.0027247956403269754,0.0,0.013623978201634877,0.0027247956403269754,0.025885558583106268,0.0013623978201634877,0.020435967302452316,0.0,0.0027247956403269754
86,0.1068840579710145,0.0,0.005434782608695652,0.0,0.028985507246376812,0.0,0.0,0.0,0.0,0.0,0.0,0.0,0.0,0.0,0.0,0.0,0.08152173913043478,0.005434782608695652,0.0,0.0,0.0,0.0,0.010869565217391304,0.0,0.0,0.0,0.0,0.05253623188405797,0.0018115942028985507,0.0,0.009057971014492754,0.019927536231884056,0.0,0.0,0.0018115942028985507,0.0018115942028985507,0.0,0.0018115942028985507,0.0,0.0,0.0,0.0,0.0,0.0,0.014492753623188406,0.0,0.0,0.0,0.0,0.0,0.0,0.0,0.0,0.0018115942028985507,0.0036231884057971015,0.0,0.0,0.0,0.0,0.0,0.0,0.0,0.0036231884057971015,0.0,0.0,0.007246376811594203,0.0,0.0,0.0,0.0,0.0,0.018115942028985508,0.3713768115942029,0.0,0.0,0.0,0.0,0.0,0.0,0.09601449275362318,0.0018115942028985507,0.0
87,0.0,0.0,0.0,0.0,0.03864734299516908,0.0,0.13043478260869565,0.0,0.0,0.0,0.0,0.0,0.0,0.004830917874396135,0.004830917874396135,0.0,0.0,0.0,0.0,0.0,0.0,0.004830917874396135,0.0,0.0,0.0,0.004830917874396135,0.0,0.0,0.0,0.0,0.0,0.0,0.0,0.0,0.004830917874396135,0.0,0.0,0.004830917874396135,0.0,0.004830917874396135,0.0,0.0,0.0,0.0,0.0,0.0,0.00966183574879227,0.0,0.0,0.0,0.004830917874396135,0.033816425120772944,0.0,0.0,0.004830917874396135,0.0,0.0,0.0,0.0,0.0,0.0,0.0,0.0,0.0,0.004830917874396135,0.0,0.033816425120772944,0.0,0.0,0.0,0.0,0.0,0.5748792270531401,0.00966183574879227,0.0,0.004830917874396135,0.0,0.0,0.028985507246376812,0.0,0.0,0.0
88,0.0008920606601248885,0.01159678858162355,0.0026761819803746653,0.0,0.0008920606601248885,0.0044603033006244425,0.003568242640499554,0.0,0.01694915254237288,0.0,0.0,0.0,0.013380909901873328,0.0,0.0026761819803746653,0.0026761819803746653,0.0044603033006244425,0.0,0.0008920606601248885,0.003568242640499554,0.06779661016949153,0.0,0.003568242640499554,0.012488849241748439,0.01784121320249777,0.0026761819803746653,0.0,0.0008920606601248885,0.001784121320249777,0.01694915254237288,0.008028545941123996,0.001784121320249777,0.0,0.0,0.13559322033898305,0.001784121320249777,0.0008920606601248885,0.0053523639607493305,0.0,0.0008920606601248885,0.0,0.0,0.0,0.003568242640499554,0.001784121320249777,0.0,0.0008920606601248885,0.10347903657448707,0.019625334522747548,0.003568242640499554,0.0,0.039250669045495096,0.0,0.0,0.010704727921498661,0.0053523639607493305,0.0053523639607493305,0.0,0.0,0.01694915254237288,0.0044603033006244425,0.001784121320249777,0.0053523639607493305,0.03568242640499554,0.0044603033006244425,0.0,0.0,0.0,0.0044603033006244425,0.001784121320249777,0.0,0.0,0.0,0.058876003568242644,0.0,0.02230151650312221,0.0,0.021409455842997322,0.12488849241748438,0.003568242640499554,0.0,0.0
89,0.0,0.0,0.004629629629629629,0.0,0.0,0.0,0.0,0.0,0.0,0.0,0.009259259259259259,0.0,0.0,0.0,0.0,0.0,0.013888888888888888,0.0,0.013888888888888888,0.0,0.14814814814814814,0.0,0.0,0.0,0.009259259259259259,0.023148148148148147,0.0,0.027777777777777776,0.0,0.004629629629629629,0.0,0.0,0.023148148148148147,0.0,0.041666666666666664,0.0,0.0,0.0,0.0,0.05092592592592592,0.0,0.0,0.0,0.0,0.0,0.0,0.004629629629629629,0.004629629629629629,0.0,0.0,0.004629629629629629,0.0,0.0,0.0,0.0,0.0,0.0,0.0,0.0,0.004629629629629629,0.009259259259259259,0.0,0.004629629629629629,0.0,0.0,0.009259259259259259,0.0,0.0,0.009259259259259259,0.013888888888888888,0.0,0.013888888888888888,0.24537037037037038,0.0,0.0,0.004629629629629629,0.0,0.013888888888888888,0.004629629629629629,0.0,0.037037037037037035,0.0
90,0.0,0.0,0.0,0.003067484662576687,0.27607361963190186,0.0,0.0,0.0,0.003067484662576687,0.0,0.0,0.0,0.0,0.0,0.0,0.0,0.0,0.0,0.0,0.0,0.06441717791411043,0.03067484662576687,0.003067484662576687,0.0,0.0,0.0,0.0,0.0,0.0,0.0,0.0,0.0,0.0,0.0,0.0,0.0,0.0,0.0,0.0,0.0,0.0,0.0,0.0,0.0,0.0,0.0,0.0,0.0,0.0,0.0,0.0,0.0,0.0,0.0,0.012269938650306749,0.0,0.0,0.0,0.015337423312883436,0.0,0.0,0.0,0.0,0.0,0.012269938650306749,0.0,0.0,0.0,0.0,0.0,0.0,0.0,0.4539877300613497,0.0,0.0,0.018404907975460124,0.0,0.0,0.0,0.0,0.0,0.0
91,0.0,0.0,0.0,0.0,0.0,0.0,0.0,0.0,0.0,0.0018214936247723133,0.0,0.01639344262295082,0.0,0.0,0.01092896174863388,0.007285974499089253,0.0,0.0,0.0018214936247723133,0.0,0.0,0.0,0.0,0.0,0.01639344262295082,0.0,0.0036429872495446266,0.06375227686703097,0.0,0.0,0.0,0.0,0.0,0.0,0.28051001821493626,0.0,0.0,0.0,0.0,0.007285974499089253,0.0036429872495446266,0.0,0.0036429872495446266,0.0,0.0018214936247723133,0.0,0.029143897996357013,0.0,0.0,0.0018214936247723133,0.0,0.007285974499089253,0.0,0.0018214936247723133,0.0,0.0,0.0036429872495446266,0.014571948998178506,0.0,0.0,0.0,0.0036429872495446266,0.0,0.0,0.030965391621129327,0.0,0.030965391621129327,0.018214936247723135,0.012750455373406194,0.0036429872495446266,0.0036429872495446266,0.0018214936247723133,0.02185792349726776,0.0036429872495446266,0.0,0.23497267759562843,0.0,0.00546448087431694,0.00546448087431694,0.0,0.0036429872495446266,0.0
92,0.0,0.0,0.004555808656036446,0.004555808656036446,0.002277904328018223,0.0,0.0,0.0,0.004555808656036446,0.0,0.0,0.0,0.0,0.0,0.0,0.0,0.0,0.002277904328018223,0.002277904328018223,0.0,0.03189066059225513,0.002277904328018223,0.0,0.00683371298405467,0.0,0.0,0.0,0.011389521640091117,0.004555808656036446,0.004555808656036446,0.0,0.0,0.0,0.03189066059225513,0.0,0.0,0.0,0.02050113895216401,0.0,0.0,0.0,0.002277904328018223,0.0,0.002277904328018223,0.00683371298405467,0.004555808656036446,0.029612756264236904,0.018223234624145785,0.0,0.03189066059225513,0.03644646924829157,0.01366742596810934,0.0,0.0,0.0,0.004555808656036446,0.002277904328018223,0.009111617312072893,0.0,0.0,0.00683371298405467,0.0,0.0,0.02050113895216401,0.0,0.0,0.0,0.0,0.0,0.0,0.018223234624145785,0.0,0.2619589977220957,0.002277904328018223,0.004555808656036446,0.08656036446469248,0.0,0.0683371298405467,0.004555808656036446,0.0,0.0,0.004555808656036446
93,0.0,0.0,0.0,0.0,0.0,0.0,0.0,0.0,0.0,0.0,0.0,0.0,0.0,0.0,0.0,0.0,0.0,0.0,0.0,0.0,0.0,0.06134969325153374,0.0,0.0,0.0,0.0,0.0,0.0,0.0,0.0,0.0,0.0,0.0,0.0,0.0,0.0,0.0,0.0,0.0,0.0,0.0,0.0,0.0,0.0,0.0,0.0,0.0,0.0,0.0,0.0,0.0,0.0,0.0,0.0,0.0,0.0,0.0,0.0,0.0,0.0,0.0,0.0,0.006134969325153374,0.0,0.0,0.0,0.0,0.0,0.0,0.0,0.0,0.0,0.0,0.0,0.0,0.0,0.0,0.0,0.006134969325153374,0.0,0.0,0.0
94,0.0,0.0,0.0,0.008928571428571428,0.0,0.0,0.0,0.0,0.0,0.0,0.0,0.0,0.0,0.0,0.0,0.0,0.0,0.0,0.0,0.0,0.017857142857142856,0.0,0.0,0.0,0.0,0.0,0.0,0.0,0.0,0.0,0.0,0.0,0.0,0.0,0.0,0.0,0.0,0.0,0.0,0.0,0.0,0.0,0.0,0.0,0.0,0.0,0.0,0.0,0.0,0.0,0.0,0.0,0.0,0.0,0.0,0.0,0.0,0.0,0.0,0.0,0.0,0.0,0.0,0.0,0.0,0.008928571428571428,0.0,0.0,0.0,0.0,0.0,0.0,0.2767857142857143,0.0,0.0,0.5982142857142857,0.0,0.0,0.0,0.0,0.0,0.0
95,0.0,0.0,0.0,0.0,0.048859934853420196,0.0,0.0,0.0,0.019543973941368076,0.0,0.0,0.0,0.0,0.003257328990228013,0.003257328990228013,0.0,0.003257328990228013,0.019543973941368076,0.003257328990228013,0.0,0.2280130293159609,0.0,0.0,0.0,0.0,0.009771986970684038,0.0,0.0,0.0,0.0,0.0,0.0,0.0,0.0,0.0,0.0,0.0,0.0,0.0,0.0,0.0,0.0,0.0,0.0,0.0,0.0,0.019543973941368076,0.0,0.0,0.0,0.0,0.05211726384364821,0.0,0.0,0.035830618892508145,0.003257328990228013,0.003257328990228013,0.0,0.0,0.0,0.0,0.0,0.0,0.0,0.05537459283387622,0.003257328990228013,0.0,0.0,0.03908794788273615,0.0,0.0,0.006514657980456026,0.39087947882736157,0.003257328990228013,0.0,0.0,0.0,0.003257328990228013,0.0,0.0,0.0,0.0
96,0.0,0.0015082956259426848,0.0,0.0015082956259426848,0.02262443438914027,0.0,0.06334841628959276,0.0,0.0,0.0,0.0,0.0,0.0,0.0,0.0,0.0,0.0,0.0,0.0030165912518853697,0.0,0.0,0.0015082956259426848,0.0,0.012066365007541479,0.0,0.006033182503770739,0.0,0.0,0.0,0.0,0.0,0.0,0.0,0.00904977375565611,0.0,0.0,0.0,0.02262443438914027,0.0,0.013574660633484163,0.0,0.0,0.0,0.0,0.0,0.0,0.015082956259426848,0.0,0.0,0.0,0.013574660633484163,0.004524886877828055,0.0,0.0,0.0,0.0015082956259426848,0.0,0.0,0.0,0.0,0.004524886877828055,0.0,0.0,0.0,0.0,0.0,0.0,0.0,0.0,0.0015082956259426848,0.0,0.0,0.004524886877828055,0.0392156862745098,0.0,0.0,0.0,0.0,0.013574660633484163,0.0030165912518853697,0.006033182503770739,0.0
97,0.0,0.0,0.006134969325153374,0.0,0.0,0.0,0.03067484662576687,0.0,0.0,0.03067484662576687,0.0,0.0,0.0,0.0,0.012269938650306749,0.0,0.0,0.0,0.0,0.0,0.0,0.0,0.0,0.012269938650306749,0.0,0.0,0.0,0.0,0.0,0.0,0.0,0.012269938650306749,0.0,0.0,0.0,0.0,0.0,0.03067484662576687,0.0,0.0,0.0,0.0,0.0,0.0,0.006134969325153374,0.0,0.0,0.25153374233128833,0.006134969325153374,0.0,0.0,0.03680981595092025,0.012269938650306749,0.0,0.0,0.0,0.0,0.0,0.0,0.0,0.018404907975460124,0.0,0.0,0.0,0.0,0.0,0.0,0.0,0.0,0.006134969325153374,0.0,0.0,0.3374233128834356,0.012269938650306749,0.0,0.006134969325153374,0.0,0.0,0.05521472392638037,0.0,0.0,0.0
98,0.0,0.0,0.00967741935483871,0.0,0.0,0.0,0.0016129032258064516,0.0,0.017741935483870968,0.15161290322580645,0.0,0.0064516129032258064,0.0,0.00967741935483871,0.0032258064516129032,0.0064516129032258064,0.0,0.0032258064516129032,0.0,0.00967741935483871,0.0,0.0,0.0,0.0,0.004838709677419355,0.0016129032258064516,0.0,0.0,0.0,0.0,0.0,0.0,0.0,0.0,0.004838709677419355,0.0,0.0,0.025806451612903226,0.0,0.025806451612903226,0.0,0.0016129032258064516,0.0,0.0,0.0,0.0,0.0,0.025806451612903226,0.00967741935483871,0.0,0.0,0.024193548387096774,0.0,0.0,0.10967741935483871,0.0,0.0064516129032258064,0.0,0.0,0.0032258064516129032,0.0,0.0,0.0016129032258064516,0.0,0.004838709677419355,0.0,0.0,0.0,0.0,0.0,0.0,0.0,0.33064516129032256,0.004838709677419355,0.0,0.0064516129032258064,0.0,0.0,0.08548387096774193,0.0,0.0,0.0
99,0.00949367088607595,0.0,0.0031645569620253164,0.0,0.0,0.0031645569620253164,0.0,0.0,0.04746835443037975,0.0,0.0,0.0,0.012658227848101266,0.02531645569620253,0.006329113924050633,0.0,0.0,0.0,0.0031645569620253164,0.006329113924050633,0.0379746835443038,0.0,0.0,0.0379746835443038,0.0,0.0,0.0,0.03164556962025317,0.0031645569620253164,0.00949367088607595,0.006329113924050633,0.0031645569620253164,0.0,0.0,0.015822784810126583,0.0031645569620253164,0.0031645569620253164,0.0031645569620253164,0.0031645569620253164,0.0,0.0,0.0,0.0,0.0,0.0,0.006329113924050633,0.006329113924050633,0.03164556962025317,0.0,0.0031645569620253164,0.0,0.06645569620253164,0.006329113924050633,0.0,0.0,0.0,0.0,0.0,0.0,0.02531645569620253,0.0,0.0,0.0,0.0,0.022151898734177215,0.0,0.0,0.0,0.0,0.006329113924050633,0.0031645569620253164,0.0,0.3259493670886076,0.0,0.0,0.012658227848101266,0.0,0.015822784810126583,0.08227848101265822,0.0,0.0,0.022151898734177215
100,0.0,0.0,0.0,0.0,0.04885057471264368,0.0,0.0,0.0,0.017241379310344827,0.0,0.0,0.0,0.0,0.011494252873563218,0.0,0.0,0.0,0.0,0.0,0.0,0.21264367816091953,0.0,0.0028735632183908046,0.0,0.0,0.0028735632183908046,0.0,0.0,0.0,0.0,0.0,0.0,0.0,0.0,0.29022988505747127,0.0,0.0,0.0,0.0,0.0,0.0,0.0,0.0,0.0,0.0,0.0,0.011494252873563218,0.0,0.0,0.0,0.0,0.0,0.0,0.0,0.0028735632183908046,0.0,0.0,0.0028735632183908046,0.05747126436781609,0.0,0.0,0.0,0.0,0.0,0.011494252873563218,0.0,0.0,0.0,0.0,0.0,0.031609195402298854,0.008620689655172414,0.0028735632183908046,0.0,0.0,0.06321839080459771,0.0,0.020114942528735632,0.0,0.0,0.0,0.0
101,0.0,0.0,0.00819672131147541,0.0,0.040983606557377046,0.0,0.02459016393442623,0.0,0.0,0.0,0.0,0.0,0.0,0.0,0.0,0.0,0.0,0.0,0.0,0.0,0.0,0.00819672131147541,0.0,0.0,0.0,0.0,0.0,0.02459016393442623,0.0,0.00819672131147541,0.0,0.0,0.0,0.0,0.0,0.0,0.0,0.040983606557377046,0.0,0.0,0.0,0.0,0.0,0.0,0.0,0.0,0.0,0.0,0.0,0.0,0.00819672131147541,0.0,0.0,0.01639344262295082,0.06557377049180328,0.0,0.0,0.0,0.0,0.00819672131147541,0.09016393442622951,0.0,0.0,0.0,0.02459016393442623,0.0,0.0,0.0,0.01639344262295082,0.02459016393442623,0.00819672131147541,0.0,0.07377049180327869,0.00819672131147541,0.0,0.0,0.0,0.00819672131147541,0.0,0.0,0.0,0.00819672131147541
102,0.0,0.0,0.0072992700729927005,0.005474452554744526,0.0018248175182481751,0.0018248175182481751,0.0,0.012773722627737226,0.0,0.0,0.0,0.0,0.005474452554744526,0.009124087591240875,0.0036496350364963502,0.0,0.0,0.0036496350364963502,0.0,0.0,0.0,0.0,0.0,0.25364963503649635,0.0,0.0,0.0018248175182481751,0.0072992700729927005,0.0,0.0036496350364963502,0.010948905109489052,0.0018248175182481751,0.0018248175182481751,0.0,0.0,0.0,0.0036496350364963502,0.0036496350364963502,0.0036496350364963502,0.04927007299270073,0.0,0.0,0.0072992700729927005,0.0018248175182481751,0.005474452554744526,0.0,0.0036496350364963502,0.020072992700729927,0.0036496350364963502,0.0018248175182481751,0.0018248175182481751,0.009124087591240875,0.0,0.020072992700729927,0.020072992700729927,0.0018248175182481751,0.0018248175182481751,0.0018248175182481751,0.0,0.014598540145985401,0.0,0.0018248175182481751,0.0,0.010948905109489052,0.0,0.0,0.0,0.04744525547445255,0.009124087591240875,0.0018248175182481751,0.0,0.0,0.16605839416058393,0.0036496350364963502,0.0036496350364963502,0.009124087591240875,0.012773722627737226,0.0,0.01824817518248175,0.02737226277372263,0.0,0.0
103,0.00437636761487965,0.0,0.002188183807439825,0.0,0.0,0.002188183807439825,0.0,0.0,0.00437636761487965,0.0350109409190372,0.002188183807439825,0.0,0.0175054704595186,0.0,0.010940919037199124,0.0,0.0,0.0,0.006564551422319475,0.00437636761487965,0.030634573304157548,0.0,0.0,0.09190371991247265,0.01312910284463895,0.019693654266958426,0.002188183807439825,0.0,0.0,0.0,0.0,0.0087527352297593,0.0,0.0,0.02188183807439825,0.002188183807439825,0.0087527352297593,0.0,0.0,0.028446389496717725,0.0,0.00437636761487965,0.0,0.0,0.0,0.0,0.0,0.10940919037199125,0.0,0.0,0.00437636761487965,0.01312910284463895,0.006564551422319475,0.0,0.0,0.0,0.0,0.0,0.00437636761487965,0.00437636761487965,0.00437636761487965,0.0087527352297593,0.0,0.0,0.006564551422319475,0.0,0.0,0.0525164113785558,0.006564551422319475,0.002188183807439825,0.0,0.0,0.16192560175054704,0.0437636761487965,0.019693654266958426,0.002188183807439825,0.0,0.0175054704595186,0.04814004376367615,0.0,0.0,0.04157549234135667
104,0.0,0.0,0.0,0.0,0.03968253968253968,0.0,0.023809523809523808,0.0,0.0,0.10317460317460317,0.0,0.0,0.0,0.0,0.023809523809523808,0.0,0.0,0.0,0.0,0.0,0.0,0.0,0.0,0.0,0.0,0.0,0.0,0.0,0.0,0.0,0.0,0.0,0.0,0.0,0.30952380952380953,0.0,0.0,0.0,0.0,0.015873015873015872,0.0,0.0,0.0,0.0,0.0,0.0,0.015873015873015872,0.0,0.0,0.0,0.0,0.05555555555555555,0.0,0.0,0.0,0.0,0.007936507936507936,0.0,0.007936507936507936,0.0,0.0,0.0,0.0,0.0,0.0,0.0,0.07936507936507936,0.0,0.0,0.0,0.0,0.0,0.0,0.0,0.0,0.0,0.0,0.0,0.015873015873015872,0.0,0.047619047619047616,0.0
105,0.0,0.0,0.00398406374501992,0.0,0.035856573705179286,0.0,0.0,0.0199203187250996,0.0,0.01195219123505976,0.0,0.02390438247011952,0.0,0.0,0.0,0.00398406374501992,0.0,0.0,0.00398406374501992,0.0,0.00398406374501992,0.0,0.0,0.00796812749003984,0.01195219123505976,0.0,0.00398406374501992,0.0,0.0,0.0,0.0,0.0,0.00398406374501992,0.0,0.0,0.0,0.0,0.0199203187250996,0.0,0.01593625498007968,0.0,0.0,0.0,0.0,0.00398406374501992,0.0,0.00796812749003984,0.0,0.00796812749003984,0.0,0.0,0.0,0.0,0.0,0.01195219123505976,0.0,0.0,0.0,0.0,0.0,0.0,0.00398406374501992,0.0,0.0,0.05179282868525897,0.0,0.00398406374501992,0.06374501992031872,0.00796812749003984,0.0,0.0,0.0,0.5378486055776892,0.00398406374501992,0.0,0.0,0.0,0.00398406374501992,0.027888446215139442,0.0,0.0,0.0
106,0.0,0.0,0.0,0.0,0.8015267175572519,0.0,0.0,0.0,0.0,0.0,0.0,0.0,0.0,0.0,0.0,0.0,0.0,0.0,0.0,0.0,0.022900763358778626,0.0,0.0,0.0,0.0,0.0,0.0,0.0,0.0,0.0,0.0,0.0,0.0,0.0,0.0,0.0,0.0,0.0,0.0,0.007633587786259542,0.0,0.0,0.0,0.0,0.0,0.0,0.007633587786259542,0.007633587786259542,0.0,0.0,0.0,0.0,0.0,0.0,0.0,0.0,0.0,0.0,0.0,0.0,0.0,0.0,0.0,0.0,0.007633587786259542,0.0,0.0,0.0,0.0,0.0,0.0,0.0,0.0,0.0,0.0,0.015267175572519083,0.0,0.0,0.0,0.0,0.0,0.0
107,0.0,0.020833333333333332,0.0,0.0,0.020833333333333332,0.0,0.0,0.0,0.0,0.0,0.0,0.0,0.0,0.03125,0.0,0.0,0.0,0.005208333333333333,0.0,0.015625,0.0,0.0,0.0,0.0,0.010416666666666666,0.0,0.0,0.109375,0.0,0.005208333333333333,0.0,0.03125,0.0,0.010416666666666666,0.005208333333333333,0.010416666666666666,0.0,0.0,0.0,0.0,0.015625,0.0,0.0,0.0,0.005208333333333333,0.0,0.08854166666666667,0.0,0.005208333333333333,0.005208333333333333,0.0,0.0,0.0,0.0,0.0,0.0,0.0,0.0,0.0,0.0,0.06770833333333333,0.005208333333333333,0.0,0.0,0.18229166666666666,0.0,0.0,0.0,0.0,0.005208333333333333,0.0,0.005208333333333333,0.0,0.015625,0.0,0.13541666666666666,0.0,0.08333333333333333,0.026041666666666668,0.0,0.0,0.0
108,0.0,0.0023752969121140144,0.0,0.004750593824228029,0.0,0.0,0.18052256532066507,0.004750593824228029,0.0498812351543943,0.0,0.0,0.0,0.0,0.011876484560570071,0.0166270783847981,0.057007125890736345,0.011876484560570071,0.004750593824228029,0.0,0.004750593824228029,0.07363420427553444,0.0,0.0023752969121140144,0.004750593824228029,0.0023752969121140144,0.0023752969121140144,0.0,0.0,0.0,0.0,0.0023752969121140144,0.0,0.0,0.009501187648456057,0.0,0.0,0.0,0.004750593824228029,0.0,0.0,0.0,0.0,0.0,0.0,0.0,0.0,0.023752969121140142,0.007125890736342043,0.0,0.0,0.0,0.028503562945368172,0.0,0.0,0.0,0.0023752969121140144,0.0,0.004750593824228029,0.0,0.0023752969121140144,0.0,0.009501187648456057,0.0,0.0,0.021377672209026127,0.0,0.0,0.0,0.004750593824228029,0.0,0.0,0.0,0.24465558194774348,0.0023752969121140144,0.0,0.009501187648456057,0.0,0.009501187648456057,0.07363420427553444,0.007125890736342043,0.0,0.0
109,0.0,0.0,0.0,0.0,0.053164556962025315,0.002531645569620253,0.0,0.0,0.0,0.0,0.0,0.0,0.0,0.0,0.0,0.0,0.0,0.0,0.0,0.0,0.4759493670886076,0.0,0.0,0.0,0.0,0.0,0.0,0.0,0.0,0.0,0.0,0.0,0.0,0.0,0.007594936708860759,0.0,0.0,0.0,0.0,0.002531645569620253,0.0,0.0,0.0,0.0,0.0,0.0,0.0,0.0,0.0,0.005063291139240506,0.0,0.09620253164556962,0.0,0.0,0.0,0.0,0.0,0.0,0.007594936708860759,0.0,0.0,0.0,0.0,0.0,0.0,0.012658227848101266,0.0,0.0,0.0,0.0,0.0,0.005063291139240506,0.007594936708860759,0.035443037974683546,0.0,0.04050632911392405,0.0,0.002531645569620253,0.0,0.0,0.0,0.0
110,0.029940119760479042,0.0,0.0,0.0,0.011976047904191617,0.0,0.0,0.0,0.0,0.05389221556886228,0.0,0.0,0.0,0.0,0.0,0.0,0.0,0.0,0.0,0.0,0.04790419161676647,0.0,0.0,0.0,0.0,0.017964071856287425,0.0,0.0,0.0,0.0,0.0,0.0,0.0,0.0,0.0,0.0,0.0,0.0,0.0,0.0,0.0,0.0,0.0,0.0,0.0,0.0,0.011976047904191617,0.0,0.0,0.0,0.0,0.0,0.0,0.0,0.03592814371257485,0.0,0.0,0.0,0.029940119760479042,0.0,0.0,0.0,0.0,0.0,0.017964071856287425,0.0,0.0,0.0,0.005988023952095809,0.0,0.0,0.0,0.11976047904191617,0.0,0.0,0.0,0.0,0.0,0.005988023952095809,0.0,0.05389221556886228,0.0
111,0.006622516556291391,0.0,0.0,0.0,0.013245033112582781,0.0,0.0,0.013245033112582781,0.19205298013245034,0.0,0.0,0.0,0.0,0.0,0.0,0.0,0.0,0.006622516556291391,0.0,0.0,0.2119205298013245,0.0,0.006622516556291391,0.0,0.006622516556291391,0.0,0.0,0.033112582781456956,0.0,0.0,0.0,0.0,0.0,0.0,0.0,0.0,0.0,0.0,0.0,0.06622516556291391,0.0,0.0,0.0,0.0,0.0,0.0,0.0,0.0,0.0,0.0,0.0,0.0,0.0,0.0,0.0,0.0,0.0,0.0,0.0,0.0,0.0,0.0,0.0,0.0,0.0,0.013245033112582781,0.0,0.0,0.046357615894039736,0.0,0.0,0.0,0.11920529801324503,0.0,0.0,0.12582781456953643,0.0,0.052980132450331126,0.0,0.0,0.0,0.0
